barcode,hg19,mm10,call
AAACCCAAGTATAGGT-1,4113,35,hg19
AAACCCATCACGGGAA-1,49,696,mm10
AAACGAAGTCAGGCAA-1,6440,38,hg19
AAACGAAGTGCCCGTA-1,142,11390,mm10
AAACGAATCGACGATT-1,823,19,hg19
AAACGCTAGCGAAACC-1,1722,23,hg19
AAACGCTCATCGGATT-1,3510,19,hg19
AAACGCTGTGGACCAA-1,3570,19,hg19
AAAGAACAGCCTTTCC-1,1876,45,hg19
AAAGAACAGGCCACCT-1,2163,34,hg19
AAAGAACGTCCCAAAT-1,3503,23,hg19
AAAGGATCATCGTGCG-1,10,505,mm10
AAAGGATGTACAATAG-1,118,9409,mm10
AAAGGATGTCTGCGCA-1,2658,27,hg19
AAAGGGCCAAGTATCC-1,55,7305,mm10
AAAGGGCGTGGTCAAG-1,6014,28,hg19
AAAGGGCTCGAGATGG-1,3383,24,hg19
AAAGGTACAGTAGGAC-1,89,5380,mm10
AAAGGTAGTGTACAGG-1,3944,20,hg19
AAAGGTATCAGTGTTG-1,1270,21,hg19
AAAGTCCCAAGAATAC-1,5099,49,hg19
AAAGTCCGTAGACGGT-1,28,2265,mm10
AAAGTCCGTTGCAAGG-1,10,962,mm10
AAAGTCCTCCGAGATT-1,21,1821,mm10
AAAGTGAAGCAGATAT-1,127,11062,mm10
AAAGTGAAGTAGTCTC-1,4027,32,hg19
AAAGTGACAGGTCTCG-1,54,10365,mm10
AAAGTGAGTCGCAGTC-1,16415,55,hg19
AAATGGACACCCATAA-1,5817,48,hg19
AAATGGACAGGTGACA-1,3726,36,hg19
AAATGGAGTCACATTG-1,1228,34,hg19
AAATGGATCCCGAACG-1,2077,17,hg19
AACAAAGCAAAGAGTT-1,4365,33,hg19
AACAAAGTCTCCGCAT-1,3026,26,hg19
AACAACCAGAACTCCT-1,4517,44,hg19
AACAACCAGGTCTTTG-1,57,28639,mm10
AACAACCCACAGCATT-1,2964,50,hg19
AACAACCGTGAATGTA-1,4983,24,hg19
AACAACCGTGAGGAAA-1,3224,15,hg19
AACAACCTCAACTGGT-1,1999,35,hg19
AACAAGAAGCTTAAGA-1,162,6310,mm10
AACAAGAAGGTAATCA-1,140,15306,mm10
AACAAGAGTAAGATCA-1,3194,40,hg19
AACACACAGTTGTCGT-1,147,10931,mm10
AACACACCAATGTCTG-1,4446,38,hg19
AACACACCATTGTACG-1,2352,23,hg19
AACACACGTCGAAGCA-1,67,4097,mm10
AACAGGGCAATTTCCT-1,205,20057,mm10
AACAGGGTCAGCTGTA-1,121,15649,mm10
AACCAACAGGGCCAAT-1,1969,28,hg19
AACCAACGTCTGTGAT-1,4278,26,hg19
AACCAACTCTGCTCTG-1,35,1836,mm10
AACCATGAGACTTGTC-1,6294,40,hg19
AACCATGGTGTGCCTG-1,183,6698,mm10
AACCATGTCGCCAACG-1,5389,34,hg19
AACCCAAAGATGGTAT-1,74,8201,mm10
AACCCAACATCACCAA-1,106,4788,mm10
AACCTGATCAACGCTA-1,14170,78,hg19
AACCTGATCTAAGAAG-1,42,2249,mm10
AACCTGATCTCTCGAC-1,4344,39,hg19
AACCTGATCTGAGATC-1,101,10365,mm10
AACCTTTAGTCTCCTC-1,6021,25,hg19
AACGAAAAGCGGATCA-1,1848,15,hg19
AACGAAACAATAGGAT-1,3171,25,hg19
AACGAAAGTATGAGAT-1,2491,19,hg19
AACGGGAAGTAGAGTT-1,2581,10,hg19
AACGGGACAGGAACCA-1,2969,15,hg19
AACGGGATCTTTGCAT-1,1370,15,hg19
AACGTCAAGTGGAATT-1,20,919,mm10
AACGTCACAACAGTGG-1,10484,58,hg19
AACGTCAGTGGCATCC-1,8047,58,hg19
AACGTCAGTGTAACGG-1,38,2159,mm10
AACTTCTCACTATCGA-1,2431,25,hg19
AACTTCTGTTCCGCGA-1,2341,19,hg19
AACTTCTGTTGCTGAT-1,3691,41,hg19
AAGAACAAGGTTCTTG-1,4931,29,hg19
AAGAACACACTCGATA-1,205,8969,mm10
AAGAACAGTGAGTAGC-1,12752,35,hg19
AAGACAACAGACTCTA-1,208,7552,mm10
AAGACTCAGGATACCG-1,3646,35,hg19
AAGATAGAGGCAGGTT-1,4136,20,hg19
AAGATAGGTCAAAGTA-1,25,3900,mm10
AAGCATCAGTGTAGAT-1,5419,29,hg19
AAGCATCGTATCGCAT-1,60,3716,mm10
AAGCATCGTTACAGCT-1,1703,23,hg19
AAGCCATAGAGTCGAC-1,4648,34,hg19
AAGCCATAGGTATTGA-1,8644,47,hg19
AAGCCATCATCGTGCG-1,136,7593,mm10
AAGCGAGAGTCATAGA-1,13,722,mm10
AAGCGAGCAACTTCTT-1,8680,74,hg19
AAGCGAGCATCCTGTC-1,4357,31,hg19
AAGCGAGGTCACTTCC-1,2981,19,hg19
AAGCGAGTCGTGCACG-1,1132,11,hg19
AAGCGTTCAGCGCTTG-1,4228,24,hg19
AAGCGTTGTCGCTTGG-1,2700,15,hg19
AAGCGTTGTGCGACAA-1,7996,46,hg19
AAGCGTTTCAACTCTT-1,3268,22,hg19
AAGCGTTTCTGGGAGA-1,4672,38,hg19
AAGGAATCAGATCCAT-1,39,1823,mm10
AAGGAATGTATGCTAC-1,22,6127,mm10
AAGGTAAGTCAGTCTA-1,5621,15,hg19
AAGGTAAGTTGTGGAG-1,9332,53,hg19
AAGTACCTCTACCAGA-1,269,12718,mm10
AAGTCGTGTTTACACG-1,30,20173,mm10
AAGTCGTTCATTGTTC-1,57,9649,mm10
AAGTCGTTCCACTTCG-1,76,8348,mm10
AAGTGAAGTGTAACGG-1,12371,60,hg19
AAGTTCGAGAGTTCGG-1,15149,40,hg19
AAGTTCGAGGGATGTC-1,7890,60,hg19
AAGTTCGAGGGCAGTT-1,20,9315,mm10
AAGTTCGAGGTACTGG-1,689,22,hg19
AAGTTCGCAGAACTTC-1,5756,18,hg19
AAGTTCGGTCCTCAGG-1,2874,25,hg19
AAGTTCGGTCTAACTG-1,9580,55,hg19
AAGTTCGGTTGGGAAC-1,4824,27,hg19
AAGTTCGTCAAACTGC-1,88,13306,mm10
AATAGAGAGAGTCTTC-1,5464,20,hg19
AATAGAGAGCGATTCT-1,8183,28,hg19
AATAGAGCACCCAACG-1,4369,569,hg19
AATAGAGCAGGGTTGA-1,3393,29,hg19
AATCACGGTGCCTATA-1,5566,33,hg19
AATCGACAGCGCAATG-1,4030,38,hg19
AATCGACAGTAGGTTA-1,6129,23,hg19
AATCGACCAGCAGATG-1,3386,27,hg19
AATCGACGTGGTTTGT-1,2791,14,hg19
AATCGACTCCACAGGC-1,1094,811,hg19
AATCGTGAGACTCTAC-1,4918,23,hg19
AATCGTGCAACAGTGG-1,26,13590,mm10
AATCGTGCAGCTTTGA-1,2361,18,hg19
AATGAAGAGATGTAGT-1,11383,55,hg19
AATGAAGAGTGCCCGT-1,5374,31,hg19
AATGAAGCATATCTCT-1,14730,107,hg19
AATGAAGTCGGATTAC-1,3738,29,hg19
AATGACCAGAACCCGA-1,1853,45,hg19
AATGACCAGCGTGCCT-1,3099,25,hg19
AATGACCCATACTGTG-1,2581,27,hg19
AATGACCGTCGATTTG-1,1951,25,hg19
AATGACCGTGTCATTG-1,6683,39,hg19
AATGCCATCTTACCGC-1,5985,39,hg19
AATGGAAAGGATTTCC-1,162,17136,mm10
AATGGAAGTAGTCGTT-1,125,10146,mm10
AATGGAAGTCGACTTA-1,4353,28,hg19
AATGGAATCCATCTCG-1,6041,12230,Multiplet
AATGGCTAGCGACAGT-1,56,7766,mm10
AATGGCTAGTAAGGGA-1,151,20077,mm10
AATGGCTCAAGGCTTT-1,5949,34,hg19
AATGGCTTCAATCCAG-1,4480,19,hg19
AATTCCTAGACATAAC-1,56,4124,mm10
AATTCCTCAGATAAAC-1,11152,50,hg19
AATTCCTCAGTAGAAT-1,7579,45,hg19
AATTCCTCAGTAGATA-1,18,696,mm10
AATTCCTGTTCTAAGC-1,7573,54,hg19
AATTTCCCACGGCTAC-1,5413,30,hg19
AATTTCCTCCTTATAC-1,192,7216,mm10
ACAAAGAAGGTCGACA-1,90,5204,mm10
ACAAAGAAGTTGAAAC-1,2334,27,hg19
ACAAAGACACGGTGTC-1,5773,34,hg19
ACAAAGATCTGCCTCA-1,14410,63,hg19
ACAACCATCATTATCC-1,8306,54,hg19
ACAACCATCGGCATCG-1,24,3297,mm10
ACAACCATCTTTGATC-1,7863,36,hg19
ACAAGCTCATGGACAG-1,5347,41,hg19
ACAAGCTGTACACGCC-1,11961,57,hg19
ACAAGCTGTTCTGACA-1,86,5350,mm10
ACACAGTAGCTTTCTT-1,4974,45,hg19
ACACAGTAGTGCAGCA-1,729,28,hg19
ACACAGTAGTTCATCG-1,5927,37,hg19
ACACAGTCAATTCACG-1,3958,45,hg19
ACACCAAAGTAAACAC-1,1404,69,hg19
ACACCAATCCTATGGA-1,8872,50,hg19
ACACCAATCGAGTGAG-1,39,29856,mm10
ACACGCGCAAGGTCTT-1,65,4824,mm10
ACACGCGCAATCCAGT-1,43,15350,mm10
ACACGCGCACTACCCT-1,31,811,mm10
ACACGCGCAGTCAACT-1,4735,41,hg19
ACACGCGGTGTCTTAG-1,2466,77,hg19
ACACGCGGTTTCGGCG-1,6693,41,hg19
ACACTGACAAGGTCAG-1,150,8201,mm10
ACAGAAATCTCGTGAA-1,3254,45,hg19
ACAGCCGCACTGCATA-1,3113,30,hg19
ACAGCCGGTATGAGCG-1,2684,16,hg19
ACAGCCGTCTTGTGCC-1,4430,20,hg19
ACAGGGAGTCCAATCA-1,8265,59,hg19
ACAGGGAGTGATGTAA-1,3256,29,hg19
ACAGGGATCCGTCAAA-1,7147,46,hg19
ACATCCCAGAGGACTC-1,32,1900,mm10
ACATCGAAGATTAGCA-1,1659,23,hg19
ACATCGACACTGGCCA-1,5047,55,hg19
ACATGCAAGCAAGGAA-1,7033,24,hg19
ACATGCAAGTGAGGTC-1,874,30,hg19
ACATGCACAACCAGAG-1,8002,49,hg19
ACATGCACAGATAAAC-1,2310,33,hg19
ACATGCAGTGAGTAGC-1,96,977,mm10
ACATTTCAGGTAATCA-1,4074,53,hg19
ACATTTCGTCACTCAA-1,11038,72,hg19
ACATTTCGTGTCATCA-1,5184,26,hg19
ACATTTCTCTGCGGGT-1,4535,19,hg19
ACCAAACAGTTCGGTT-1,6403,32,hg19
ACCAAACGTACGAGTG-1,27,594,mm10
ACCAAACTCATCTGTT-1,5252,41,hg19
ACCAACAAGCTGAGTG-1,52,3025,mm10
ACCAACACATGGAAGC-1,1161,28,hg19
ACCAACATCCCTCGAT-1,2843,25,hg19
ACCACAAAGGCTGTAG-1,6531,36,hg19
ACCACAACAACCGGAA-1,202,11324,mm10
ACCACAACATTACGGT-1,5620,42,hg19
ACCATTTGTACCTTCC-1,8157,48,hg19
ACCATTTGTGATAGTA-1,102,10161,mm10
ACCCAAATCTGAACGT-1,5392,43,hg19
ACCCTCAAGTGATTCC-1,32,10277,mm10
ACCCTCACACAATGCT-1,60,7503,mm10
ACCCTCATCACAACCA-1,7534,37,hg19
ACCCTTGAGTGATCGG-1,4404,24,hg19
ACCCTTGCAGTTGTTG-1,11171,50,hg19
ACCCTTGTCTTCCTAA-1,13857,38,hg19
ACCGTTCCAACCACGC-1,2820,38,hg19
ACCGTTCGTTACCTTT-1,5540,26,hg19
ACCGTTCTCCTGGGTG-1,3505,25,hg19
ACCGTTCTCTGGTGCG-1,6776,25,hg19
ACCTACCTCCTCTGCA-1,57,15357,mm10
ACCTGAAAGACCAAAT-1,3649,51,hg19
ACCTGAAAGGTAAAGG-1,3218,30,hg19
ACCTGAACAGCAGTCC-1,10034,47,hg19
ACCTGAACATGCTGCG-1,2776,41,hg19
ACCTGAATCCTACGGG-1,5805,32,hg19
ACCTGTCAGCAATTCC-1,5373,29,hg19
ACCTGTCAGCTACGTT-1,34,4685,mm10
ACCTGTCGTCCAAGAG-1,7601,34,hg19
ACCTGTCTCCGTGGGT-1,176,26214,mm10
ACCTGTCTCTGATGGT-1,3291,34,hg19
ACGATCAAGAGAGGTA-1,673,42,hg19
ACGATCAGTGTATTGC-1,9843,46,hg19
ACGATGTAGCTTCATG-1,112,7700,mm10
ACGATGTAGGAAACGA-1,75,9063,mm10
ACGATGTGTAGTTACC-1,3523,27,hg19
ACGCACGAGGGTAATT-1,17171,59,hg19
ACGCACGCACGTTCGG-1,58,6928,mm10
ACGCACGCAGGTTCCG-1,4063,32,hg19
ACGGAAGCAGAGGTTG-1,86,7673,mm10
ACGGAAGGTATTGCCA-1,9315,45,hg19
ACGGAAGTCAGCTTCC-1,3929,31,hg19
ACGGAAGTCGCGAAGA-1,2994,27,hg19
ACGGAAGTCGTGACTA-1,4396,28,hg19
ACGGGTCCACTACCCT-1,5286,36,hg19
ACGGGTCCAGTCAGAG-1,5171,20,hg19
ACGGGTCGTCAATGGG-1,6946,54,hg19
ACGGGTCTCTGGACTA-1,3203,22,hg19
ACGGTCGCACCTGCGA-1,3855,28,hg19
ACGGTCGGTACGTGTT-1,72,12224,mm10
ACGGTCGGTCTACACA-1,6955,36,hg19
ACGGTCGGTGGCACTC-1,3793,38,hg19
ACGGTCGGTGGTCTCG-1,101,13314,mm10
ACGGTCGTCGTAACAC-1,13346,47,hg19
ACGGTTAAGAGGACTC-1,4450,43,hg19
ACGGTTAAGCTCAGAG-1,1320,43,hg19
ACGGTTACATTAGGAA-1,11444,87,hg19
ACGGTTATCTGGAAGG-1,5605,41,hg19
ACGTAACAGATCACTC-1,2594,42,hg19
ACGTAACAGCTGGAGT-1,2151,24,hg19
ACGTAACGTTCACGAT-1,6738,40,hg19
ACGTAACTCAGCGCAC-1,3234,34,hg19
ACGTAACTCGTACACA-1,5522,57,hg19
ACGTAGTCACCGTCGA-1,5111,30,hg19
ACGTAGTTCTACGCGG-1,4060,6873,Multiplet
ACGTCCTAGAGTATAC-1,1059,48,hg19
ACGTCCTCATGTTCGA-1,9038,45,hg19
ACGTCCTTCGTCTCAC-1,16034,62,hg19
ACGTTCCAGAAATTCG-1,153,17598,mm10
ACGTTCCAGCACCGTC-1,2680,24,hg19
ACGTTCCAGGAGCAAA-1,96,8480,mm10
ACGTTCCAGTAGACAT-1,104,13399,mm10
ACGTTCCCACGAAAGC-1,3327,30,hg19
ACGTTCCTCCAAACCA-1,134,1967,mm10
ACTACGACACGTAGAG-1,66,7790,mm10
ACTACGAGTCCATACA-1,24,5768,mm10
ACTACGAGTGTTTACG-1,1366,15,hg19
ACTACGATCGAACGGA-1,2020,21,hg19
ACTATCTAGAGAACCC-1,12044,95,hg19
ACTATCTAGCTGAGCA-1,1244,23,hg19
ACTATCTGTTAGGACG-1,2023,13,hg19
ACTATGGAGTATGGAT-1,118,2118,mm10
ACTATGGCAGGCACTC-1,1412,12,hg19
ACTATGGGTGTGATGG-1,15336,60,hg19
ACTATGGGTTGCTCGG-1,5987,23,hg19
ACTATGGTCAGGGTAG-1,92,11844,mm10
ACTATTCAGGCACTAG-1,15447,98,hg19
ACTATTCAGTTTCGGT-1,531,46,hg19
ACTATTCCATCCGGCA-1,55,2631,mm10
ACTATTCGTCAAGCGA-1,38,4368,mm10
ACTATTCGTCCTCAGG-1,3670,27,hg19
ACTATTCGTTGGGCCT-1,161,6299,mm10
ACTATTCTCCTCACGT-1,512,52,hg19
ACTCCCATCATTATCC-1,4881,2027,Multiplet
ACTCCCATCCGACAGC-1,7113,45,hg19
ACTCCCATCCTTACCG-1,11981,67,hg19
ACTCTCGAGAGCAGAA-1,4077,20,hg19
ACTCTCGAGAGTGACC-1,1431,23,hg19
ACTCTCGCAACCACGC-1,4802,34,hg19
ACTCTCGTCCAGTGTA-1,13,892,mm10
ACTGATGAGAATACAC-1,134,3944,mm10
ACTGATGAGACTCTTG-1,5080,34,hg19
ACTGATGCACATATCG-1,9876,46,hg19
ACTGATGGTGGTTTAC-1,25,945,mm10
ACTGATGGTGTTCATG-1,3192,20,hg19
ACTGATGTCCGTAATG-1,68,9377,mm10
ACTGCAAAGCAAACAT-1,117,16595,mm10
ACTGCAAGTACGAGCA-1,34,2245,mm10
ACTGTCCAGATAACGT-1,160,19135,mm10
ACTGTCCAGGATTACA-1,530,221,hg19
ACTGTCCAGGGATCTG-1,7643,30,hg19
ACTGTCCCAGGCGAAT-1,10851,41,hg19
ACTGTCCGTGGTCTAT-1,65,11620,mm10
ACTGTGACACAGTCAT-1,4656,44,hg19
ACTGTGACATAATCGC-1,8051,37,hg19
ACTTAGGAGAAGGGAT-1,11521,61,hg19
ACTTAGGAGGGCCCTT-1,4578,27,hg19
ACTTAGGAGGTACAAT-1,70,6675,mm10
ACTTAGGGTAACAGTA-1,24,549,mm10
ACTTAGGTCATTTGTC-1,4173,61,hg19
ACTTATCCAACCACAT-1,5172,48,hg19
ACTTATCGTAGCGATG-1,200,19384,mm10
ACTTATCTCGACGCTG-1,522,5680,mm10
ACTTCCGCACAATCTG-1,1924,35,hg19
ACTTCCGCACCGAATT-1,139,8310,mm10
ACTTCCGCACTCTCGT-1,4894,59,hg19
ACTTCGCGTCTCTCAC-1,4756,39,hg19
ACTTTCAAGCCTGGAA-1,1884,23,hg19
ACTTTCAAGCGTGAGT-1,3182,21,hg19
ACTTTCAAGGCTCCCA-1,61,7991,mm10
ACTTTCAAGTAACGAT-1,4189,43,hg19
ACTTTCAGTTCCGTTC-1,101,5684,mm10
ACTTTGTAGCCTAACT-1,4048,41,hg19
ACTTTGTAGTTGCATC-1,4341,25,hg19
ACTTTGTCAGAGAGGG-1,2513,17,hg19
ACTTTGTGTACAGAAT-1,3328,26,hg19
ACTTTGTGTCTCACAA-1,89,11309,mm10
ACTTTGTTCTGTTGGA-1,2208,35,hg19
AGAAATGCATACTTTC-1,11777,74,hg19
AGAACAAAGATCCTAC-1,1219,27,hg19
AGAACAACACATGGTT-1,2582,41,hg19
AGAACAACAGATTCGT-1,8295,39,hg19
AGAACAAGTGATTCTG-1,4496,24,hg19
AGAACAATCCCAAGCG-1,766,34,hg19
AGAACCTAGTAGCCAG-1,37,3324,mm10
AGAACCTAGTATGAAC-1,125,6251,mm10
AGAACCTCACTATCGA-1,4859,42,hg19
AGAACCTGTTCCATTT-1,22,2566,mm10
AGAACCTTCGCAGTGC-1,5132,34,hg19
AGAAGCGTCCGTTGGG-1,5880,83,hg19
AGAAGTAAGTCACTGT-1,4855,34,hg19
AGAAGTACACCCAATA-1,6254,48,hg19
AGAAGTAGTTGTTGAC-1,31,1064,mm10
AGAAGTATCCCTGTTG-1,65,7665,mm10
AGACAAAAGGCATGCA-1,3710,25,hg19
AGACAAAAGTAATTGG-1,3613,21,hg19
AGACAAACATCCGTGG-1,48,3272,mm10
AGACAAAGTCTCGCGA-1,76,9842,mm10
AGACAAATCTGTACAG-1,7688,42,hg19
AGACACTAGGTTTACC-1,1233,19,hg19
AGACACTTCCGCTAGG-1,23,1957,mm10
AGACACTTCCTAGCCT-1,4571,58,hg19
AGACACTTCGACGATT-1,2920,28,hg19
AGACAGGAGGGTAGCT-1,4691,30,hg19
AGACAGGGTTACACTG-1,10218,44,hg19
AGACAGGGTTGTTGTG-1,54,5384,mm10
AGACCATAGCGGATCA-1,4603,32,hg19
AGACCATAGCTCGGCT-1,49,5650,mm10
AGACCATCAAGAAACT-1,165,14489,mm10
AGACCATGTATGGAGC-1,1603,34,hg19
AGACCATGTCGTTATG-1,10563,51,hg19
AGACCCGAGAGCCTGA-1,4290,26,hg19
AGACCCGCAATAACGA-1,24,8408,mm10
AGACCCGGTATGAGCG-1,7893,30,hg19
AGAGAATAGGATGCGT-1,4948,34,hg19
AGAGAATCACGGCGTT-1,37,3288,mm10
AGAGAATGTAACAAGT-1,8269,53,hg19
AGAGAATGTCCTCATC-1,77,8305,mm10
AGAGAATGTCTTTATC-1,955,8,hg19
AGAGAATGTGGAGGTT-1,3501,23,hg19
AGAGAATTCGAAGAAT-1,3947,20,hg19
AGAGAGCAGTCCTGCG-1,4745,21,hg19
AGAGAGCCAGCGTGCT-1,5149,34,hg19
AGAGAGCCATGAGAAT-1,2028,22,hg19
AGAGAGCGTTAACAGA-1,2391,17,hg19
AGAGAGCTCATCAGTG-1,6410,27,hg19
AGAGAGCTCATTTCGT-1,4934,22,hg19
AGAGCAGTCACTGAAC-1,3472,44,hg19
AGAGCAGTCTTCTGTA-1,8264,30,hg19
AGAGCCCAGAGAGAAC-1,37,32591,mm10
AGATAGAAGCGTTACT-1,3927,30,hg19
AGATCCAGTCAGGCAA-1,83,9223,mm10
AGATCCAGTTGAGTCT-1,5983,48,hg19
AGATCGTCATCATGAC-1,73,9433,mm10
AGATGAATCGAGAGAC-1,26,3116,mm10
AGATGCTAGCTACTAC-1,25002,89,hg19
AGATGCTAGTTGTAGA-1,1229,34,hg19
AGATGCTGTTCAAGGG-1,22,1382,mm10
AGCATCACAAGTGGGT-1,5784,21,hg19
AGCATCACACAGCTTA-1,99,4977,mm10
AGCATCATCGCCGAAC-1,11182,69,hg19
AGCATCATCGCGTTTC-1,4188,22,hg19
AGCCAATAGCAGTAAT-1,10795,52,hg19
AGCCAATAGCTCCCTT-1,173,13932,mm10
AGCCACGAGCTTAGTC-1,2171,33,hg19
AGCCACGAGTTAACGA-1,31,6511,mm10
AGCCACGCATCATCCC-1,2730,32,hg19
AGCCACGTCACGGGCT-1,10875,41,hg19
AGCCACGTCCCATACC-1,3994,37,hg19
AGCCAGCAGACTCATC-1,1161,22,hg19
AGCCAGCAGGGACACT-1,4727,37,hg19
AGCCAGCCAGAGGGTT-1,2656,14,hg19
AGCGATTAGCCGAACA-1,8647,45,hg19
AGCGATTAGGCCTAGA-1,4544,88,hg19
AGCGATTTCCACACCT-1,3459,47,hg19
AGCGATTTCGCTACAA-1,730,30,hg19
AGCGCCAGTCTGTGCG-1,5368,205,hg19
AGCGCCAGTGACTAAA-1,154,17148,mm10
AGCGCCATCGAACACT-1,12860,55,hg19
AGCGCTGCAGATACCT-1,6691,31,hg19
AGCGCTGCATGGCTGC-1,2583,32,hg19
AGCGCTGCATTGAAAG-1,178,14576,mm10
AGCGCTGTCAGACATC-1,7238,45,hg19
AGCGTATAGACCTTTG-1,2442,16,hg19
AGCGTATAGTGCAGCA-1,74,13729,mm10
AGCGTATGTCTTCGAA-1,4532,29,hg19
AGCGTCGAGAAGGTAG-1,3391,19,hg19
AGCGTCGAGGAGACCT-1,59,12431,mm10
AGCGTCGGTCGTGATT-1,6,718,mm10
AGCTACATCTCCTGCA-1,2908,21,hg19
AGCTCAATCGAACACT-1,3672,20563,Multiplet
AGCTTCCAGACGTCGA-1,2769,16,hg19
AGCTTCCAGGCTAACG-1,19343,77,hg19
AGCTTCCCACATTCTT-1,78,11017,mm10
AGCTTCCCAGCACAGA-1,15683,65,hg19
AGCTTCCCATAATCGC-1,4286,27,hg19
AGCTTCCTCCTTCACG-1,5791,50,hg19
AGGAAATAGACCACGA-1,160,5998,mm10
AGGAAATCAGCTCATA-1,6222,46,hg19
AGGAAATGTCATTCCC-1,20,513,mm10
AGGAAATTCCAGCAAT-1,2321,42,hg19
AGGAATACACGGCCAT-1,107,10254,mm10
AGGAATAGTGACAACG-1,4678,29,hg19
AGGACGAAGCAAGTGC-1,7108,424,hg19
AGGACGAAGCCTGAAG-1,51,2087,mm10
AGGACGACAGTAGGAC-1,4760,56,hg19
AGGACGAGTGGAACCA-1,4634,21,hg19
AGGACGAGTTACCCAA-1,6016,29,hg19
AGGAGGTGTTAGAGTA-1,3833,19,hg19
AGGAGGTTCTGGTGCG-1,1495,37,hg19
AGGATAAAGAACTGAT-1,3751,33,hg19
AGGATAAAGGTATTGA-1,1686,21,hg19
AGGATAACAGCGACAA-1,4046,41,hg19
AGGATAAGTACCATAC-1,2346,22,hg19
AGGATCTCATCAGTCA-1,5581,34,hg19
AGGATCTGTAATCAGA-1,298,12147,mm10
AGGATCTTCAAAGGTA-1,7652,40,hg19
AGGCATTAGTCATCGT-1,1147,11,hg19
AGGCATTGTATCAGGG-1,4672,31,hg19
AGGCCACAGGTCACAG-1,1286,21,hg19
AGGCCACCATAGCACT-1,63,523,mm10
AGGGAGTAGAAACCCG-1,100,8912,mm10
AGGGAGTCAGGACATG-1,3903,36,hg19
AGGGAGTCAGTTAAAG-1,4107,37,hg19
AGGGAGTCATGGTACT-1,123,11766,mm10
AGGGAGTGTCGAACGA-1,7473,52,hg19
AGGGAGTGTGGGCTTC-1,3184,23,hg19
AGGGCCTTCTCGGTCT-1,15,1013,mm10
AGGGCTCAGACAAGCC-1,5828,48,hg19
AGGGCTCGTCGGCCTA-1,124,16161,mm10
AGGGCTCTCTATCACT-1,4188,31,hg19
AGGGCTCTCTTCGTGC-1,6068,22,hg19
AGGGTCCAGCTCTATG-1,1359,33,hg19
AGGGTCCTCTAGGCCG-1,14,1321,mm10
AGGGTGAAGCCACAAG-1,21293,83,hg19
AGGGTGAAGGCTAGCA-1,8897,8836,Multiplet
AGGTCATCAGATCCTA-1,2006,18,hg19
AGGTCATCAGCTAACT-1,12525,62,hg19
AGGTCTACAGTCAGTT-1,48,5922,mm10
AGGTCTAGTCGGCCTA-1,3515,25,hg19
AGGTCTAGTCTTCGAA-1,52,3229,mm10
AGGTCTATCATCGACA-1,3428,26,hg19
AGGTGTTCACAAATCC-1,4036,31,hg19
AGGTGTTTCCATCTCG-1,3239,23,hg19
AGGTTACCATCACAGT-1,5475,33,hg19
AGGTTACTCGTGGACC-1,3751,18,hg19
AGGTTACTCTATTCGT-1,235,7841,mm10
AGGTTGTAGCCGTTAT-1,1954,22,hg19
AGGTTGTGTACGTGAG-1,10151,36,hg19
AGGTTGTTCAGTGTCA-1,2755,17,hg19
AGGTTGTTCCTGGTCT-1,5494,30,hg19
AGTAACCAGCGAAACC-1,4389,27,hg19
AGTAACCAGCGTACAG-1,3086,33,hg19
AGTAACCCATTGAAAG-1,7315,85,hg19
AGTAACCTCTACACTT-1,77,6801,mm10
AGTACCATCTTCCACG-1,100,10542,mm10
AGTACTGAGGTACAGC-1,3232,28,hg19
AGTACTGTCTTTCTAG-1,1144,24,hg19
AGTAGTCAGAGGGTCT-1,27,1302,mm10
AGTAGTCGTAAGATCA-1,9631,40,hg19
AGTCATGGTCACAGTT-1,92,10574,mm10
AGTCATGGTGCAGTGA-1,73,4992,mm10
AGTCATGGTTTCTATC-1,6053,35,hg19
AGTCATGTCAGACCGC-1,15,2660,mm10
AGTCATGTCCGTCAAA-1,3855,23,hg19
AGTCTCCCATCGATGT-1,9005,33,hg19
AGTGACTAGACGGTTG-1,1203,16,hg19
AGTGACTCACGCGCAT-1,1009,11,hg19
AGTGACTCACGGCACT-1,386,18468,mm10
AGTGACTTCGCCTAGG-1,5079,20,hg19
AGTGATCCATGAAGCG-1,32,2339,mm10
AGTGATCTCCTAGCTC-1,6762,47,hg19
AGTGATCTCGGTTGTA-1,25,15932,mm10
AGTGCCGAGCTGCGAA-1,1904,25,hg19
AGTGCCGCAACACTAC-1,2816,40,hg19
AGTGCCGGTGCAACAG-1,9,932,mm10
AGTGCCGTCAGCGGAA-1,110,15152,mm10
AGTGCCGTCTTTCCGG-1,1072,10,hg19
AGTGTTGAGATCACCT-1,1558,23,hg19
AGTGTTGAGGGATCGT-1,1609,27,hg19
AGTGTTGAGTCTGCGC-1,8132,32,hg19
AGTGTTGCAACCCTAA-1,1476,20,hg19
AGTGTTGTCGAACCAT-1,9433,35,hg19
AGTGTTGTCGTGTTCC-1,30,664,mm10
AGTGTTGTCTTGCGCT-1,109,14380,mm10
AGTTAGCTCAAACTGC-1,3447,33,hg19
AGTTAGCTCGAAGCCC-1,3849,30,hg19
AGTTCCCAGAGGATCC-1,2401,19,hg19
AGTTCCCCACGTTCGG-1,96,9647,mm10
AGTTCCCTCCCTATTA-1,8401,42,hg19
AGTTCGAAGTCACACT-1,1672,75,hg19
AGTTCGACAAATAGCA-1,3091,25,hg19
AGTTCGAGTAAGATAC-1,3202,31,hg19
AGTTCGATCAAACGAA-1,56,4222,mm10
AGTTCGATCTGCTCTG-1,2997,29,hg19
ATACCGACAGCCATTA-1,4284,32,hg19
ATACCGAGTATTTCCT-1,6484,41,hg19
ATACCTTCACAGTATC-1,4519,36,hg19
ATACCTTGTAGCGAGT-1,60,7359,mm10
ATACCTTGTGCGACAA-1,2300,22,hg19
ATACCTTTCGACCAAT-1,203,14144,mm10
ATACCTTTCTAATTCC-1,1088,26,hg19
ATACTTCAGCTTAGTC-1,7433,61,hg19
ATACTTCGTCATCAGT-1,4746,30,hg19
ATACTTCGTCCAAAGG-1,23,2216,mm10
ATAGACCCAAACAGGC-1,6350,56,hg19
ATAGACCCATCACCAA-1,108,10170,mm10
ATAGAGAAGTTACGAA-1,10840,48,hg19
ATAGAGAGTATCTCGA-1,30,585,mm10
ATAGAGATCCGACAGC-1,7291,38,hg19
ATAGAGATCGGCTGAC-1,65,5677,mm10
ATAGGCTAGTTTGAGA-1,4183,35,hg19
ATAGGCTGTCTTGAGT-1,3226,24,hg19
ATAGGCTTCCAATCCC-1,3855,34,hg19
ATATCCTCATGTCTAG-1,4445,33,hg19
ATATCCTGTCACGACC-1,18,1649,mm10
ATATCCTGTTCTGAGT-1,5285,38,hg19
ATATCCTTCACCTCGT-1,4125,58,hg19
ATATCCTTCCGATGTA-1,16379,89,hg19
ATATCCTTCTCGTCAC-1,4157,46,hg19
ATCACAGAGCGATGGT-1,533,18,hg19
ATCACAGCAACGTTAC-1,1969,24,hg19
ATCACTTCAGACCTAT-1,3489,27,hg19
ATCACTTCATAGGCGA-1,1703,12,hg19
ATCAGGTAGGAAGTCC-1,114,15812,mm10
ATCAGGTAGGTGCTGA-1,7539,29,hg19
ATCATTCAGGAAGTGA-1,6614,76,hg19
ATCATTCCAAACGGCA-1,6285,148,hg19
ATCATTCCAGATTCGT-1,199,27621,mm10
ATCATTCCAGTAGATA-1,2036,33,hg19
ATCATTCTCCTACCGT-1,9643,46,hg19
ATCATTCTCTCCCATG-1,11084,67,hg19
ATCCACCAGATCCGAG-1,12,1028,mm10
ATCCACCCAATCGTCA-1,35,503,mm10
ATCCACCCATCCGTTC-1,3456,25,hg19
ATCCACCGTTTACTGG-1,3447,24,hg19
ATCCACCTCACAGAGG-1,2990,35,hg19
ATCCATTGTATTCCTT-1,74,6966,mm10
ATCCATTTCAACGAGG-1,10655,40,hg19
ATCCCTGCAAGATCCT-1,5170,40,hg19
ATCCCTGCAGATACTC-1,28,1453,mm10
ATCCCTGTCCTACGGG-1,50,507,mm10
ATCCGTCAGCACGGAT-1,3684,31,hg19
ATCCGTCAGGTTGGAC-1,3694,17,hg19
ATCCGTCCATCCGTTC-1,4187,35,hg19
ATCCGTCGTAAGATTG-1,5334,25,hg19
ATCCTATAGCATCCCG-1,1393,31,hg19
ATCCTATAGGTTGGTG-1,143,837,mm10
ATCGATGAGGCAGTCA-1,19311,70,hg19
ATCGATGAGTCTCGTA-1,3997,23,hg19
ATCGATGAGTGATAAC-1,15869,86,hg19
ATCGATGGTCGCCACA-1,37,2624,mm10
ATCGATGTCTGAACGT-1,6058,11869,Multiplet
ATCGCCTAGCTTAGTC-1,21078,66,hg19
ATCGCCTCACGTTGGC-1,11202,53,hg19
ATCGCCTTCGTAACCA-1,155,1277,mm10
ATCGGCGGTTCCAGGC-1,144,542,mm10
ATCGTAGAGGTGGTTG-1,9,1704,mm10
ATCGTAGCAAATCAGA-1,2374,33,hg19
ATCGTAGGTAATCAGA-1,3722,25,hg19
ATCGTAGGTAGGACTG-1,2671,14,hg19
ATCGTAGGTCGATTTG-1,15086,66,hg19
ATCGTCCGTAGACAAT-1,62,7472,mm10
ATCGTCCGTCACCGAC-1,5091,38,hg19
ATCGTCCTCCCAAGTA-1,4568,59,hg19
ATCGTGAAGACGAAGA-1,108,12361,mm10
ATCGTGAAGCGAGAAA-1,72,3567,mm10
ATCTCTACAGCTGTTA-1,890,35,hg19
ATCTCTATCTGCCCTA-1,519,95,hg19
ATCTTCAGTTTACGTG-1,4241,33,hg19
ATCTTCATCGCTGACG-1,3268,36,hg19
ATGAAAGAGCCTTCTC-1,8355,39,hg19
ATGAAAGAGCTCATAC-1,14602,83,hg19
ATGAAAGCAATTGTGC-1,4661,34,hg19
ATGAAAGGTATCAGCT-1,133,11448,mm10
ATGAAAGGTCCCGGTA-1,48,5946,mm10
ATGAAAGTCGCAGAGA-1,3295,17,hg19
ATGACCAAGTCCCAAT-1,11480,49,hg19
ATGACCACAGAATCGG-1,6299,36,hg19
ATGACCATCGATCCAA-1,7883,41,hg19
ATGAGGGGTCGAACAG-1,5428,22,hg19
ATGAGGGGTGCAAGAC-1,1015,988,hg19
ATGAGGGTCCCATTTA-1,7675,31,hg19
ATGAGTCAGAGTCTTC-1,10626,40,hg19
ATGAGTCAGTCACGCC-1,8096,43,hg19
ATGAGTCGTAGAGATT-1,105,13381,mm10
ATGAGTCGTTTAGACC-1,53,11388,mm10
ATGAGTCTCTTCTAAC-1,7274,40,hg19
ATGATCGAGACGGATC-1,5918,17,hg19
ATGATCGTCACGGACC-1,2718,22,hg19
ATGCATGAGTAAACGT-1,136,13338,mm10
ATGCATGCAACTGCCG-1,6427,37,hg19
ATGCATGCAATTGCGT-1,8416,35,hg19
ATGCATGTCATTGCTT-1,27,4205,mm10
ATGCATGTCGACGCTG-1,14217,61,hg19
ATGCCTCCAAATACAG-1,2007,15,hg19
ATGCGATAGGCATCGA-1,2819,29,hg19
ATGCGATCAAGATGTA-1,8214,57,hg19
ATGCGATCACTGGCGT-1,5939,23,hg19
ATGCGATTCTACCTTA-1,4491,36,hg19
ATGGAGGGTAACAGGC-1,2720,22,hg19
ATGGAGGGTCTCTCCA-1,3378,15,hg19
ATGGAGGTCTAGCATG-1,4123,34,hg19
ATGGATCAGAATCGTA-1,62,2879,mm10
ATGGATCAGCCTGTGC-1,6443,33,hg19
ATGGATCTCTACACAG-1,4589,22,hg19
ATGGGAGGTCGGATTT-1,32,6324,mm10
ATGGGAGTCCACTGAA-1,542,1458,mm10
ATGGGTTAGCCACCGT-1,4938,31,hg19
ATGGGTTCAAGGAGTC-1,3985,39,hg19
ATGGTTGAGGAGGCAG-1,1294,20,hg19
ATGGTTGCACTCAAGT-1,5203,29,hg19
ATGGTTGCAGGTTCGC-1,45,21964,mm10
ATGGTTGTCACCTCTG-1,8458,23,hg19
ATGTCCCAGAGCATAT-1,7621,50,hg19
ATGTCCCCAATACGAA-1,163,2257,mm10
ATGTCCCCAATTGCAC-1,2870,35,hg19
ATGTCCCCACGATAGG-1,100,10335,mm10
ATGTCCCTCGCCTCTA-1,1464,26,hg19
ATGTCTTCAGACAAAT-1,154,16896,mm10
ATGTCTTGTGTGCTTA-1,7836,37,hg19
ATGTCTTTCACAGAGG-1,9327,48,hg19
ATGTCTTTCTCCGAGG-1,3863,33,hg19
ATTACCTAGGTAGCAC-1,3312,42,hg19
ATTACCTAGTAACGTA-1,8695,39,hg19
ATTACCTTCATGCAGT-1,7579,34,hg19
ATTACTCCACTATCGA-1,23,534,mm10
ATTACTCTCTAAGGAA-1,101,8675,mm10
ATTATCCAGGCATCTT-1,33,894,mm10
ATTCACTAGACCCGCT-1,1105,20,hg19
ATTCACTAGTAGAGTT-1,8223,45,hg19
ATTCACTCAGCTGTGC-1,5170,39,hg19
ATTCAGGAGTGCGTCC-1,5169,46,hg19
ATTCAGGCAGTCGCAC-1,4323,40,hg19
ATTCAGGGTACGCGTC-1,157,7541,mm10
ATTCAGGGTTAGTCGT-1,67,11134,mm10
ATTCATCCACTACCCT-1,791,43,hg19
ATTCATCCATGGGAAC-1,5795,53,hg19
ATTCATCGTTGTCCCT-1,142,2561,mm10
ATTCATCTCGATGCAT-1,8605,32,hg19
ATTCATCTCTATACTC-1,2110,44,hg19
ATTCCATAGGTAATCA-1,3261,27,hg19
ATTCCATCAATGCTCA-1,13776,106,hg19
ATTCCATGTCCAACGC-1,8375,47,hg19
ATTCCATGTGCGGATA-1,826,29,hg19
ATTCCATGTGGTCCCA-1,3821,26,hg19
ATTCCATGTTAGAGTA-1,58,3386,mm10
ATTCCATTCGTGGCTG-1,7473,40,hg19
ATTCCCGGTCTTGCTC-1,7750,47,hg19
ATTCCCGTCCCGAATA-1,4322,40,hg19
ATTCCTAAGCGGTAAC-1,3467,27,hg19
ATTCCTAGTACGCTAT-1,3835,36,hg19
ATTCCTAGTCCGAAAG-1,16,840,mm10
ATTCCTAGTTGCCGAC-1,262,9469,mm10
ATTCCTATCCTAAACG-1,945,17,hg19
ATTCCTATCGTCTCAC-1,3955,38,hg19
ATTCGTTGTGCGTGCT-1,17,663,mm10
ATTCTACCATGTGTCA-1,1967,27,hg19
ATTCTACGTAGACAGC-1,1020,38,hg19
ATTCTACGTGTCCACG-1,6524,124,hg19
ATTCTTGAGGAAGTGA-1,80,6599,mm10
ATTCTTGCAGCGTACC-1,4389,33,hg19
ATTCTTGTCTCAGAAC-1,23,1280,mm10
ATTGGGTCAATTTCTC-1,2828,17,hg19
ATTGGGTGTATACCCA-1,4220,41,hg19
ATTGTTCAGACCATGG-1,2713,39,hg19
ATTGTTCAGCTCTTCC-1,14673,85,hg19
ATTGTTCAGGATACCG-1,58,5779,mm10
ATTGTTCCAATTGCTG-1,53,4421,mm10
ATTGTTCTCCATCGTC-1,5339,26,hg19
ATTTACCAGTCTGTAC-1,34,26497,mm10
ATTTACCAGTTGTAGA-1,14226,42,hg19
ATTTACCGTCGTTTCC-1,5264,35,hg19
ATTTACCGTGTTGATC-1,849,18,hg19
ATTTACCTCACCATCC-1,1315,24,hg19
ATTTCACAGCTGACAG-1,5503,47,hg19
ATTTCACAGTTGGCGA-1,84,14731,mm10
ATTTCTGCAGCCCAGT-1,5160,28,hg19
ATTTCTGCAGCGGTTC-1,3237,37,hg19
ATTTCTGCATCTGTTT-1,173,11416,mm10
ATTTCTGTCAACCGAT-1,3404,25,hg19
ATTTCTGTCCACTTCG-1,4961,49,hg19
CAAAGAAAGCAACTTC-1,2737,26,hg19
CAAAGAATCCGCACGA-1,4071,39,hg19
CAAAGAATCTAACGCA-1,6334,47,hg19
CAAAGAATCTCGGTCT-1,2972,37,hg19
CAACAACCATATACCG-1,12717,97,hg19
CAACAACGTCGTAATC-1,1376,17,hg19
CAACAACGTTTCCCAC-1,119,634,mm10
CAACAGTAGCCTAGGA-1,4500,26,hg19
CAACAGTGTAGAATAC-1,48,1682,mm10
CAACAGTTCTCGTTTA-1,32,3961,mm10
CAACCTCAGCACCGAA-1,6706,28,hg19
CAACCTCAGCTGAAAT-1,22,751,mm10
CAACCTCCACCAGCTG-1,4563,30,hg19
CAACCTCCACTGGAAG-1,4572,28,hg19
CAACCTCTCAAGTTGC-1,4330,46,hg19
CAACGATAGGCTAAAT-1,3209,38,hg19
CAACGATGTGTCCGGT-1,118,13046,mm10
CAACGGCCAACTAGAA-1,15364,70,hg19
CAACGGCGTCGAACGA-1,3667,21,hg19
CAAGACTCAGAGAAAG-1,1093,22,hg19
CAAGACTCAGTATACC-1,15425,70,hg19
CAAGACTGTCCCTGTT-1,10573,91,hg19
CAAGACTGTCTGTGAT-1,6605,30,hg19
CAAGACTGTTCGTGCG-1,1844,24,hg19
CAAGACTTCACGATAC-1,39,1127,mm10
CAAGCTAAGTTAACGA-1,1459,17,hg19
CAAGCTACAACTGCCG-1,76,11645,mm10
CAAGCTACACTGCTTC-1,6414,58,hg19
CAAGCTAGTGCAGTGA-1,92,12759,mm10
CAAGCTATCAGGGATG-1,73,8316,mm10
CAAGGGAAGAAGCGCT-1,205,17238,mm10
CAAGGGAAGGAAGTCC-1,21429,3425,Multiplet
CAAGGGACAAGTATCC-1,3911,36,hg19
CAAGGGACATAAGCGG-1,3063,24,hg19
CAATACGAGTCGTTAC-1,76,14673,mm10
CAATACGGTAGCTAAA-1,3774,21,hg19
CAATACGGTATAGGAT-1,3434,31,hg19
CAATACGGTGGACCTC-1,5510,30,hg19
CAATACGTCGTTGTAG-1,525,17,hg19
CAATCGACATAGATGA-1,5231,29,hg19
CAATCGAGTACGACAG-1,9354,40,hg19
CAATCGAGTACTAGCT-1,3952,34,hg19
CAATCGAGTCCTCAGG-1,260,6448,mm10
CAATCGAGTGCAGTGA-1,8779,27,hg19
CAATCGAGTTAGTTCG-1,10435,50,hg19
CAATCGAGTTTCACTT-1,761,10,hg19
CAATGACAGAATTGTG-1,3678,23,hg19
CAATGACCAAACGTGG-1,2899,28,hg19
CAATGACGTAAGTTGA-1,261,1017,mm10
CAATGACGTCACTCGG-1,6110,28,hg19
CAATGACGTCGAGTTT-1,7571,37,hg19
CAATGACGTGATATAG-1,2847,28,hg19
CAATTTCAGAGGTCGT-1,5677,32,hg19
CAATTTCCACGACGTC-1,6247,35,hg19
CACAACAAGTCCCAAT-1,4382,59,hg19
CACAACACAAATGGCG-1,68,5820,mm10
CACAACAGTACTGCCG-1,14136,119,hg19
CACAACATCACGGAGA-1,4220,41,hg19
CACAACATCACTCCGT-1,1699,38,hg19
CACAACATCTGGGCAC-1,9117,44,hg19
CACACAAAGCCGGATA-1,1505,25,hg19
CACACAAGTGTATACC-1,2222,32,hg19
CACACAATCACCCTTG-1,4569,25,hg19
CACACAATCCTTCTAA-1,5448,46,hg19
CACAGATAGGACGCAT-1,81,10223,mm10
CACAGATGTTAAGCAA-1,4261,44,hg19
CACAGATTCGTTATCT-1,3141,43,hg19
CACAGGCGTTAGGCTT-1,10590,56,hg19
CACATGAGTCATTGCA-1,131,13338,mm10
CACATGATCCTTACCG-1,8313,60,hg19
CACATGATCTTGCGCT-1,1676,20,hg19
CACCAAAAGAGTCAGC-1,60,646,mm10
CACCAAAGTATCGCTA-1,3655,38,hg19
CACCAAAGTCACAGTT-1,209,14397,mm10
CACCGTTTCGACCCAG-1,1625,18,hg19
CACGAATAGTTAGAAC-1,7297,70,hg19
CACGGGTCACCTGCTT-1,5772,34,hg19
CACGGGTCACTCTCGT-1,99,12961,mm10
CACGGGTGTAGACAAT-1,6884,37,hg19
CACGGGTGTAGATTAG-1,6011,41,hg19
CACGGGTGTCGGTAAG-1,5208,27,hg19
CACGTGGAGCATATGA-1,1740,23,hg19
CACGTGGCACTCCGAG-1,7384,33,hg19
CACGTGGCAGACTCTA-1,3758,37,hg19
CACGTTCCAGATACTC-1,5006,53,hg19
CACGTTCGTCTGTCCT-1,3872,18,hg19
CACTGAAAGCACCAGA-1,11405,44,hg19
CACTGAAGTAGAGTTA-1,1821,14,hg19
CACTGAATCACCGGTG-1,1347,18,hg19
CACTGGGAGGATGGCT-1,3467,43,hg19
CACTGGGAGGTAAGTT-1,3837,20,hg19
CACTGGGCACACTTAG-1,55,5012,mm10
CACTGGGGTAAGGCTG-1,9521,46,hg19
CACTGGGTCGCCGTGA-1,4916,36,hg19
CACTGTCAGGTTGGAC-1,2996,28,hg19
CACTGTCCATACAGAA-1,7344,43,hg19
CACTGTCGTACAGAAT-1,1254,35,hg19
CACTGTCGTAGGAGTC-1,3858,30,hg19
CACTGTCGTTCGGACC-1,6111,33,hg19
CACTGTCTCACTCACC-1,5817,66,hg19
CACTTCGAGAGGTTAT-1,655,15,hg19
CACTTCGTCAGATGCT-1,2693,36,hg19
CACTTCGTCGCCGATG-1,17653,52,hg19
CAGAGCCGTAAGTTAG-1,3227,29,hg19
CAGAGCCGTTCTTCAT-1,2096,16,hg19
CAGATACCAATGGCCC-1,3674,35,hg19
CAGATACCAGCAGATG-1,121,6987,mm10
CAGATACCATATTCGG-1,37708,141,hg19
CAGATCAAGCGAGGAG-1,4359,28,hg19
CAGATCAAGTAAATGC-1,2209,22,hg19
CAGATCACATGGCGCT-1,2331,24,hg19
CAGATCAGTCATCTAG-1,154,790,mm10
CAGCAATCAGAGTGTG-1,72,5062,mm10
CAGCACGAGACGAGCT-1,129,4702,mm10
CAGCACGAGCGGATCA-1,14667,64,hg19
CAGCACGAGTCACGCC-1,600,149,hg19
CAGCACGGTCAGACGA-1,4262,27,hg19
CAGCACGGTTCTTGCC-1,7877,52,hg19
CAGCGTGAGACCAGCA-1,26233,79,hg19
CAGCGTGAGCGCTTCG-1,1661,14,hg19
CAGCGTGGTTACGGAG-1,1649,28,hg19
CAGCGTGTCATAAGGA-1,134,2045,mm10
CAGCGTGTCTGAGGTT-1,1882,18,hg19
CAGGCCACATGACAGG-1,8074,52,hg19
CAGGCCAGTGTGGTCC-1,2084,22,hg19
CAGGCCATCCTATTGT-1,58,3046,mm10
CAGGCCATCTACACAG-1,6329,31,hg19
CAGGGCTAGCCATCCG-1,2444,25,hg19
CAGGGCTCACGATAGG-1,5278,19,hg19
CAGGGCTTCTCCGCAT-1,8090,32,hg19
CAGGTATGTAACATAG-1,6292,39,hg19
CAGGTATTCCTGTTAT-1,3383,36,hg19
CAGGTATTCGGAGTGA-1,4951,22,hg19
CAGTGCGAGCCTATCA-1,147,18123,mm10
CAGTGCGCACGAGAAC-1,55,20710,mm10
CAGTTAGAGCGACCCT-1,5092,36,hg19
CAGTTAGTCATTGTTC-1,3608,32,hg19
CAGTTCCAGACGACGT-1,3156,21,hg19
CAGTTCCGTCAACACT-1,45,3220,mm10
CAGTTCCTCAAGTCGT-1,84,10809,mm10
CAGTTCCTCACGGGAA-1,863,21,hg19
CATAAGCAGAACTCCT-1,10321,57,hg19
CATAAGCAGCGACAGT-1,2187,36,hg19
CATAAGCCAAGTTCCA-1,6813,38,hg19
CATACAGCAACACAGG-1,5966,45,hg19
CATACAGGTCCAAAGG-1,383,5916,mm10
CATACAGTCCATAAGC-1,4817,40,hg19
CATACCCAGGTATCTC-1,9452,35,hg19
CATACCCCAGCTTTCC-1,4198,29,hg19
CATACCCTCCATCGTC-1,238,28648,mm10
CATACCCTCCGGCAGT-1,5917,46,hg19
CATACTTCAGAGTAAT-1,171,2904,mm10
CATACTTCAGGTTCCG-1,33,1950,mm10
CATACTTCAGTCGGTC-1,126,12411,mm10
CATACTTGTACCGGCT-1,122,9773,mm10
CATACTTGTCATCCCT-1,1026,16,hg19
CATACTTTCGAGCCAC-1,163,11115,mm10
CATAGACCAAAGGGCT-1,39,5401,mm10
CATAGACGTTTCCAAG-1,10355,44,hg19
CATAGACTCTCTTAAC-1,5374,44,hg19
CATCAAGAGTTTCTTC-1,3095,13711,Multiplet
CATCAAGGTGGAGAAA-1,611,24,hg19
CATCCACAGCCGATTT-1,1318,20,hg19
CATCCACCAATCCAGT-1,73,2538,mm10
CATCCACCAGCCCACA-1,4048,46,hg19
CATCCACTCGGAATTC-1,77,5843,mm10
CATCCCACACTCTGCT-1,23,507,mm10
CATCCCAGTTCAACGT-1,37,3528,mm10
CATCCCATCCGATCTC-1,4183,32,hg19
CATCCGTAGGTACAAT-1,5729,27,hg19
CATCCGTCATCAGCGC-1,7397,40,hg19
CATCCGTTCTCCCATG-1,3925,35,hg19
CATCGGGCAGACCGCT-1,16429,63,hg19
CATCGTCCACGCGCAT-1,601,17,hg19
CATGAGTAGTCTGGTT-1,2067,19,hg19
CATGAGTAGTGGTCAG-1,1729,14,hg19
CATGAGTGTACAGGTG-1,9638,57,hg19
CATGAGTGTGCAGTGA-1,3009,29,hg19
CATGCAAAGATTGATG-1,129,13891,mm10
CATGCAAAGGCTCCCA-1,496,591,mm10
CATGCAATCGAGATAA-1,6431,30,hg19
CATGCAATCTATACTC-1,8282,57,hg19
CATGCCTCAAAGAGTT-1,4897,31,hg19
CATGCCTCAGCTACTA-1,2335,34,hg19
CATGCCTTCTTTACAC-1,69,5722,mm10
CATGCGGAGAATCCCT-1,5153,45,hg19
CATGCTCAGCCTCAAT-1,6072,52,hg19
CATGCTCAGTACAGAT-1,13184,78,hg19
CATGCTCGTATCGATC-1,1801,10,hg19
CATGCTCTCACTGGTA-1,164,18382,mm10
CATGCTCTCCGCGGAT-1,5717,53,hg19
CATGGATGTGACCTGC-1,2562,22,hg19
CATGGTAAGACCTGGA-1,90,6539,mm10
CATGGTACAAACGAGC-1,52,6436,mm10
CATGGTACAACGATTC-1,7393,43,hg19
CATGGTACACAAGTGG-1,33,726,mm10
CATGGTACAGACTGCC-1,9198,46,hg19
CATGGTATCGCAGTTA-1,2677,33,hg19
CATTCATAGGTATCTC-1,3414,36,hg19
CATTCATAGTAATCCC-1,10596,67,hg19
CATTCATCATTGACAC-1,92,9053,mm10
CATTCATGTAACATCC-1,5104,31,hg19
CATTCATGTACACGCC-1,3872,42,hg19
CATTCCGAGAAGCGAA-1,66,1978,mm10
CATTCCGCACGGAAGT-1,5450,50,hg19
CATTCCGCACGGCCAT-1,148,16337,mm10
CATTCCGGTAGGAGGG-1,8474,28,hg19
CATTCCGGTCTGTAAC-1,2013,20,hg19
CATTCTAAGGGCAGTT-1,3339,31,hg19
CATTCTAAGTTCCATG-1,1942,22,hg19
CATTGAGTCGTCCATC-1,4027,20,hg19
CATTGAGTCTCTCTTC-1,651,24460,mm10
CATTGCCAGAAGGTAG-1,4649,26,hg19
CATTGCCGTAGTACGG-1,118,18496,mm10
CATTGCCGTGATACCT-1,2108,12518,Multiplet
CATTGCCTCAGCTTGA-1,3885,148,hg19
CATTGTTAGCGTCTCG-1,2998,16,hg19
CATTGTTGTTCTGACA-1,98,18415,mm10
CATTGTTTCCTGATAG-1,3108,14,hg19
CATTTCACATTGAGCT-1,3432,62,hg19
CATTTCAGTCTAACGT-1,105,12934,mm10
CATTTCATCACCGCTT-1,5686,52,hg19
CATTTCATCGCTAATG-1,4308,48,hg19
CCAAGCGCATGACCCG-1,4265,39,hg19
CCAAGCGGTTCTAAGC-1,3521,31,hg19
CCAATGAAGGATTTGA-1,10488,51,hg19
CCAATGACATTGACTG-1,5902,29,hg19
CCAATGAGTCCCAAAT-1,4828,30,hg19
CCAATGAGTGACACAG-1,3616,26,hg19
CCAATTTCAATTGTGC-1,8345,74,hg19
CCACAAACACTCCGGA-1,7981,51,hg19
CCACAAACAGCTGTGC-1,10612,53,hg19
CCACACTAGACGGAAA-1,126,7461,mm10
CCACACTGTTGCATCA-1,4728,43,hg19
CCACACTTCAAGAGTA-1,2359,24,hg19
CCACACTTCACTGGGC-1,399,6052,mm10
CCACCATCACGGTAGA-1,2526,26,hg19
CCACCATGTATCAAGA-1,3301,14,hg19
CCACCATGTTCCTTGC-1,5832,25,hg19
CCACCATTCCCAGCGA-1,11879,68,hg19
CCACGAGAGGAAGAAC-1,2977,17,hg19
CCACGAGCATTGACAC-1,177,2651,mm10
CCACGAGGTCCAGGTC-1,2844,20,hg19
CCACGAGTCAGTGTGT-1,4741,23,hg19
CCACGTTAGTGGACTG-1,4200,15,hg19
CCACGTTCAAATGCGG-1,4775,29,hg19
CCACGTTGTACACTCA-1,7541,43,hg19
CCACGTTGTGCGTTTA-1,77,7108,mm10
CCACGTTTCCCAGTGG-1,51,7466,mm10
CCACTTGAGGAATCGC-1,1931,10,hg19
CCACTTGTCCACGTGG-1,2124,31,hg19
CCACTTGTCTTTCGAT-1,3328,52,hg19
CCATAAGAGTAATCCC-1,67,5354,mm10
CCATAAGTCGGACCAC-1,10613,54,hg19
CCATCACAGCCATGCC-1,1781,13,hg19
CCATCACGTATGCTTG-1,3183,32,hg19
CCATCACTCATCAGTG-1,4935,37,hg19
CCATCACTCGTAACTG-1,21,1263,mm10
CCCAACTAGAGATGCC-1,3902,29,hg19
CCCAACTAGATCCCGC-1,906,28,hg19
CCCAACTAGCTTACGT-1,58,5751,mm10
CCCAACTCAGCGTACC-1,3730,24,hg19
CCCAACTGTCGTCGGT-1,102,22108,mm10
CCCAACTTCACCGACG-1,5467,31,hg19
CCCATTGCACTTTAGG-1,3447,15,hg19
CCCATTGGTGCAGATG-1,75,633,mm10
CCCATTGTCCTACAAG-1,52,30564,mm10
CCCGAAGTCTTTGCAT-1,2241,35,hg19
CCCGGAAAGATTTGCC-1,3102,22,hg19
CCCGGAACACTGCACG-1,95,11782,mm10
CCCGGAAGTTGTAAAG-1,5633,41,hg19
CCCGGAATCACCATAG-1,5644,34,hg19
CCCGGAATCATGCATG-1,33,507,mm10
CCCGGAATCTATACTC-1,123,11877,mm10
CCCTAACCATGGCCCA-1,43,1633,mm10
CCCTAACGTCTGTGAT-1,5017,21,hg19
CCCTAACTCGGTCTGG-1,303,2350,mm10
CCCTCAACATAAGCGG-1,7319,29,hg19
CCCTCAAGTTGAGGAC-1,4116,20,hg19
CCCTCTCAGACAACAT-1,5081,27,hg19
CCCTCTCCAGACCGCT-1,4441,42,hg19
CCCTCTCGTTGGTACT-1,7788,57,hg19
CCCTCTCTCCGTACGG-1,4708,31,hg19
CCCTCTCTCTGGACCG-1,7848,37,hg19
CCCTGATTCACCCATC-1,3776,24,hg19
CCCTTAGAGGGACAGG-1,3109,9,hg19
CCGAACGAGGTACTGG-1,4938,24,hg19
CCGAACGAGTACCATC-1,4350,21,hg19
CCGAACGCAACGTATC-1,9971,25,hg19
CCGAACGCAAGTGTCT-1,4164,24,hg19
CCGAACGGTCGCGTCA-1,6187,22,hg19
CCGAACGTCAAAGACA-1,9337,40,hg19
CCGAACGTCGATACTG-1,71,759,mm10
CCGATCTCATGGCTAT-1,169,12178,mm10
CCGATCTGTCGGCACT-1,3333,28,hg19
CCGATCTTCTCAATCT-1,14,771,mm10
CCGATGGGTCAAAGTA-1,597,8,hg19
CCGATGGGTGGTCAAG-1,4218,20,hg19
CCGCAAGGTAGGACTG-1,7641,35,hg19
CCGCAAGGTGTCGATT-1,4604,28,hg19
CCGGACAGTGTTGACT-1,25,4106,mm10
CCGGACATCGGTCGAC-1,5,1330,mm10
CCGGGTACAAGCAATA-1,59,11483,mm10
CCGGGTACACTGATTG-1,4760,16,hg19
CCGGTAGCAGAGGTTG-1,2444,36,hg19
CCGGTAGTCACTTCTA-1,3680,29,hg19
CCGGTAGTCAGACATC-1,2810,31,hg19
CCGGTAGTCCATAGAC-1,3410,23,hg19
CCGGTGAAGCTCGCAC-1,24,14615,mm10
CCGGTGACACCGTCTT-1,6517,32,hg19
CCGGTGATCATACAGC-1,5655,21,hg19
CCGGTGATCTCGAACA-1,4047,21,hg19
CCGTAGGGTTGGTGTT-1,13,780,mm10
CCGTGAGAGATGGCGT-1,41,5237,mm10
CCGTGAGAGTTGGGAC-1,2233,34,hg19
CCGTGAGCAGTAGTGG-1,4925,22,hg19
CCGTTCACAGGAGACT-1,5500,28,hg19
CCGTTCATCTGACAGT-1,5072,37,hg19
CCTAACCCAACAGCTT-1,961,22182,mm10
CCTAACCCATACAGCT-1,40,1358,mm10
CCTAACCGTTATCCAG-1,3076,32,hg19
CCTAAGAAGACCTGGA-1,2152,19,hg19
CCTAAGAGTCCTTGTC-1,52,7249,mm10
CCTAAGATCTTGCGCT-1,710,40,hg19
CCTACGTAGCGTATGG-1,39,6014,mm10
CCTACGTAGCGTTCAT-1,3960,23,hg19
CCTACGTAGGGTAGCT-1,3458,27,hg19
CCTATCGCAAGCGCAA-1,4401,29,hg19
CCTATCGTCAAACTGC-1,75,6434,mm10
CCTCAACAGCACACAG-1,161,19413,mm10
CCTCAACAGTGGTGGT-1,5848,38,hg19
CCTCAACCAGCATTGT-1,92,10180,mm10
CCTCAACGTCGCTGCA-1,35,2487,mm10
CCTCAACTCTGCGTCT-1,106,11670,mm10
CCTCACAAGATGCTTC-1,3583,33,hg19
CCTCACACACGTACTA-1,13199,66,hg19
CCTCACACAGGTTCGC-1,4283,44,hg19
CCTCACATCGCCTAGG-1,91,6178,mm10
CCTCAGTAGTTGCTGT-1,3473,14,hg19
CCTCAGTCAGACCGCT-1,41,3139,mm10
CCTCAGTGTTGGTAGG-1,3040,19,hg19
CCTCATGCACATGGTT-1,4079,42,hg19
CCTCATGCATCGCTAA-1,2110,10179,Multiplet
CCTCATGTCCTCAGGG-1,5663,24,hg19
CCTCCAACAGGAGGTT-1,5874,31,hg19
CCTCCTCCAAATACAG-1,3018,45,hg19
CCTCCTCGTACTCGAT-1,5935,36,hg19
CCTCCTCTCATTACCT-1,4346,38,hg19
CCTCTAGAGCTACGTT-1,3348,35,hg19
CCTCTAGAGTGATAGT-1,61,7409,mm10
CCTCTAGGTAGGAGGG-1,50,5799,mm10
CCTCTAGTCGAGAAGC-1,2284,13,hg19
CCTCTAGTCGGTAGGA-1,85,10346,mm10
CCTCTAGTCGTAGCTA-1,2039,19,hg19
CCTCTCCAGCGTGCCT-1,38,18559,mm10
CCTCTCCAGGTGCGAT-1,4029,34,hg19
CCTCTCCAGTATGAAC-1,9004,52,hg19
CCTCTCCCACGTTGGC-1,3428,47,hg19
CCTCTCCGTACCCGCA-1,6305,60,hg19
CCTCTCCGTGCAATGG-1,22,2896,mm10
CCTCTCCGTGCACATT-1,3750,36,hg19
CCTCTCCTCCATCTCG-1,5494,43,hg19
CCTGCATCACAGAGCA-1,3948,24,hg19
CCTGCATGTGAATGTA-1,5103,30,hg19
CCTGTTGCACTACCGG-1,74,9242,mm10
CCTGTTGGTCCAAAGG-1,1988,24,hg19
CCTGTTGTCATGTCAG-1,73,10093,mm10
CCTGTTGTCTACCAGA-1,2830,31,hg19
CCTTCAGCAGTGAGCA-1,34,1022,mm10
CCTTCAGGTCTTTATC-1,108,9190,mm10
CCTTCAGGTGTATCCA-1,4029,41,hg19
CCTTCAGGTGTTAACC-1,21,759,mm10
CCTTCAGGTTGCCTAA-1,3049,28,hg19
CCTTGTGAGCAACCAG-1,4088,27,hg19
CCTTGTGAGTGCCCGT-1,163,21591,mm10
CCTTGTGCACCACATA-1,4510,34,hg19
CGAAGGAAGAACCGCA-1,3017,24,hg19
CGAAGGAAGTGTTGTC-1,4176,12,hg19
CGAAGGACAGACCTAT-1,21,550,mm10
CGAAGGACATTAAAGG-1,5364,32,hg19
CGAAGGATCAAGAGTA-1,7018,66,hg19
CGAAGGATCCCGTTGT-1,6485,29,hg19
CGAAGGATCGCTACAA-1,1432,23,hg19
CGAAGTTAGTGTACAA-1,5283,26,hg19
CGAAGTTAGTTCAACC-1,44,8634,mm10
CGAAGTTCAACAACAA-1,69,818,mm10
CGAAGTTCAATACCTG-1,2755,26,hg19
CGAAGTTGTGAATGAT-1,4572,34,hg19
CGAAGTTTCTGGCTGG-1,8298,54,hg19
CGAATTGCAGGTTACT-1,6219,29,hg19
CGAATTGGTTTACCTT-1,4570,40,hg19
CGAATTGTCATCGGGC-1,2014,13,hg19
CGAATTGTCCTTACCG-1,5291,40,hg19
CGACAGCAGTAACAGT-1,71,11544,mm10
CGACAGCAGTCGGCCT-1,693,23,hg19
CGACAGCCAAGGTCAG-1,13097,47,hg19
CGACAGCCATCGAGCC-1,523,15,hg19
CGACAGCTCGGAATGG-1,31,1460,mm10
CGACAGCTCGTGTGGC-1,5456,21,hg19
CGAGAAGAGCTTCGTA-1,15,976,mm10
CGAGAAGCAAGGGCAT-1,38,2048,mm10
CGAGAAGCATTCACAG-1,3557,45,hg19
CGAGAAGTCACTCCGT-1,4062,19,hg19
CGAGAAGTCAGGGTAG-1,18839,64,hg19
CGAGGAAAGCCGTCGT-1,9081,27,hg19
CGAGGAAGTCCTGGTG-1,3387,35,hg19
CGAGGCTAGCCGGATA-1,103,7207,mm10
CGAGGCTAGGATGAGA-1,43,3273,mm10
CGAGGCTCAAGAGGTC-1,2285,5498,Multiplet
CGAGGCTCACTCGATA-1,76,7536,mm10
CGAGGCTCATGCCGCA-1,8797,57,hg19
CGAGGCTTCCTGTAGA-1,9240,27,hg19
CGAGTGCAGTGGCGAT-1,9961,31,hg19
CGAGTGCGTAGATCCT-1,4125,20,hg19
CGAGTTAAGACCACGA-1,5389,28,hg19
CGAGTTAAGTACGAGC-1,2940,28,hg19
CGAGTTAAGTCAACAA-1,12,937,mm10
CGAGTTACAGCGTGAA-1,4950,25,hg19
CGAGTTAGTGCGAGTA-1,9611,32,hg19
CGATCGGCAATGTCAC-1,5881,28,hg19
CGATCGGGTAGCCAGA-1,1934,17,hg19
CGATCGGGTCAGACGA-1,97,11322,mm10
CGATCGGTCGACATAC-1,76,6425,mm10
CGATGCGAGGTAGGCT-1,9950,50,hg19
CGATGCGCAAACACCT-1,7044,68,hg19
CGATGGCAGCGAGTCA-1,3435,31,hg19
CGATGGCAGCGATGAC-1,55,5527,mm10
CGATGGCGTGTCTTAG-1,3307,20,hg19
CGATGGCGTGTTCCAA-1,2739,21,hg19
CGATGGCTCACGAACT-1,2745,30,hg19
CGATGGCTCGAGATAA-1,67,4186,mm10
CGATGGCTCTCACGAA-1,2452,30,hg19
CGATGGCTCTGGTTGA-1,14432,65,hg19
CGCAGGTAGTTCGCAT-1,127,5685,mm10
CGCAGGTCACAAACGG-1,5341,29,hg19
CGCAGGTCAGTTGGTT-1,6721,26,hg19
CGCAGGTGTACCTATG-1,12740,54,hg19
CGCAGGTTCCCTTCCC-1,4150,22,hg19
CGCATAAGTCATCACA-1,3594,37,hg19
CGCATAAGTCGTACTA-1,634,31,hg19
CGCATGGAGAACGCGT-1,4113,21,hg19
CGCATGGCAACGGTAG-1,3697,15,hg19
CGCATGGGTTCCCACT-1,5751,25,hg19
CGCATGGTCACTCACC-1,4858,29,hg19
CGCCAGAAGAAGCCAC-1,4229,21,hg19
CGCCAGAAGGGCAAGG-1,9,946,mm10
CGCCAGAAGTAGGAAG-1,130,1409,mm10
CGCCAGACAGTAACCT-1,11744,67,hg19
CGCCAGAGTAGACACG-1,294,8583,mm10
CGCCAGAGTGAGTTGG-1,11936,39,hg19
CGCCAGAGTTGTATGC-1,2411,30,hg19
CGCCATTCACGCTGCA-1,5830,64,hg19
CGCGTGAAGCGGATCA-1,2933,45,hg19
CGCGTGACAATAAGGT-1,52,9691,mm10
CGCGTGAGTAACATCC-1,80,5905,mm10
CGCGTGAGTCAAATCC-1,71,4373,mm10
CGCGTGAGTGAGATAT-1,3989,33,hg19
CGGAACCAGACTCGAG-1,7220,35,hg19
CGGAACCAGTGACCTT-1,4967,42,hg19
CGGAACCCACACCTAA-1,39,4421,mm10
CGGAACCGTCTTGCTC-1,8262,34,hg19
CGGAACCTCTACACTT-1,4686,41,hg19
CGGAATTGTCTCTCAC-1,4920,48,hg19
CGGAATTTCGAGAACG-1,3028,20,hg19
CGGACACCATACCAGT-1,13459,55,hg19
CGGACACGTGTAGTGG-1,45,7583,mm10
CGGACACTCGCGTGAC-1,223,15510,mm10
CGGAGAAGTAGCGTTT-1,35,1288,mm10
CGGCAGTCAACCTATG-1,4904,29,hg19
CGGCAGTTCTCTCGAC-1,13107,78,hg19
CGGGCATAGTTATGGA-1,86,10712,mm10
CGGGCATTCTGAGCAT-1,7746,45,hg19
CGGGTGTGTCAGGTGA-1,8829,32,hg19
CGGTCAGAGTTACTCG-1,7798,80,hg19
CGGTCAGGTGTTCATG-1,8458,53,hg19
CGTAAGTAGAATTTGG-1,3045,31,hg19
CGTAAGTGTCTATGAC-1,118,946,mm10
CGTAAGTGTGCGAACA-1,1560,39,hg19
CGTAATGAGAACAAGG-1,1373,21,hg19
CGTAATGGTACCAATC-1,4123,28,hg19
CGTAATGTCGGACCAC-1,95,11940,mm10
CGTAGTACATCGGTTA-1,27,2479,mm10
CGTAGTAGTCATCGCG-1,82,2464,mm10
CGTAGTAGTTAGAGAT-1,530,23,hg19
CGTAGTAGTTTGAACC-1,369,7193,mm10
CGTCAAAGTCGCTTAA-1,4561,71,hg19
CGTCAAATCTATACTC-1,4535,24,hg19
CGTCCATAGGACAAGA-1,3381,21,hg19
CGTCCATCAATATCCG-1,4341,25,hg19
CGTCCATCATCCAACA-1,7539,43,hg19
CGTCCATGTTGGGATG-1,59,7575,mm10
CGTCCATTCCGACATA-1,4298,29,hg19
CGTGAATAGCGTCAAG-1,4047,25,hg19
CGTGAATTCAGAGCAG-1,36,26675,mm10
CGTGATACACCTGCAG-1,87,10666,mm10
CGTGCTTAGTAGACCG-1,41,9459,mm10
CGTGCTTCACCATATG-1,50,4717,mm10
CGTGCTTGTCGATTAC-1,5318,23,hg19
CGTGCTTTCCTACTGC-1,3940,20,hg19
CGTGCTTTCTCGCTTG-1,1352,25,hg19
CGTGTCTAGAGGCGGA-1,111,875,mm10
CGTGTCTGTCACTCAA-1,3793,17,hg19
CGTGTCTTCTGTCGTC-1,1443,19,hg19
CGTTAGAGTGAGATCG-1,13130,42,hg19
CGTTCTGAGGGTGAGG-1,8003,47,hg19
CGTTCTGAGTGCCGAA-1,76,5675,mm10
CGTTCTGCAAAGCGTG-1,1252,18,hg19
CGTTCTGCAATCCAGT-1,122,14866,mm10
CGTTCTGCATGACAAA-1,5053,23,hg19
CGTTCTGGTCTGCAAT-1,14,1084,mm10
CGTTCTGGTGTATACC-1,36,4270,mm10
CGTTCTGGTGTATTGC-1,12,1018,mm10
CGTTCTGTCCCGAGTG-1,6946,67,hg19
CGTTGGGGTGTTCAGT-1,2031,15,hg19
CGTTGGGTCAGAGCAG-1,1195,21,hg19
CTAACCCAGGAGAGTA-1,7555,40,hg19
CTAACCCCAGGTGACA-1,3975,34,hg19
CTAACCCTCTTGTGCC-1,4160,26,hg19
CTAACTTCACCAAAGG-1,16302,93,hg19
CTAACTTGTTGGTAGG-1,8703,121,hg19
CTAAGTGAGTGCACTT-1,3235,43,hg19
CTAAGTGCAGTAACAA-1,1130,24,hg19
CTAAGTGTCCACAGGC-1,2813,274,hg19
CTACAGAGTGTTCCTC-1,3682,21,hg19
CTACATTCAAAGGCAC-1,5342,59,hg19
CTACATTGTCACTACA-1,124,4238,mm10
CTACATTGTCTACGAT-1,202,10299,mm10
CTACATTTCGACCATA-1,12260,56,hg19
CTACATTTCGATAACC-1,6995,34,hg19
CTACCCAAGCACTGGA-1,89,5419,mm10
CTACCCAAGCGGTAGT-1,9542,45,hg19
CTACCCAGTCGTACAT-1,3669,19,hg19
CTACCCATCGAGAGAC-1,4002,30,hg19
CTACCTGAGCCGATTT-1,4071,33,hg19
CTACCTGCAGCTGGTC-1,2904,32,hg19
CTACGGGAGCAATTAG-1,2606,33,hg19
CTACGGGGTAGAATGT-1,3218,16,hg19
CTAGACAGTAAGTCAA-1,5654,27,hg19
CTAGACATCCCTTGTG-1,11343,46,hg19
CTAGACATCCGTCAAA-1,4679,132,hg19
CTAGGTAAGTTCATCG-1,87,12440,mm10
CTAGGTACAAGCAGGT-1,2786,21,hg19
CTAGGTACATCCTTGC-1,4093,22,hg19
CTAGGTAGTAGCTTTG-1,9409,80,hg19
CTATCCGCACTAGTAC-1,3621,27,hg19
CTATCCGGTGGATTTC-1,114,29937,mm10
CTATCTAAGTCGTTAC-1,2709,29,hg19
CTATCTAAGTGGTGGT-1,8511,38,hg19
CTATCTAAGTTGTAGA-1,121,12166,mm10
CTATCTAGTGTATCCA-1,86,13256,mm10
CTCAACCAGGCCACCT-1,113,6360,mm10
CTCAACCGTCGAAGCA-1,8138,59,hg19
CTCAACCGTGCTTATG-1,58,6093,mm10
CTCAAGACAGACTCTA-1,70,5186,mm10
CTCAAGAGTTGACTGT-1,3217,31,hg19
CTCAAGATCCTTGAAG-1,51,5449,mm10
CTCAATTCAAATGGTA-1,103,9779,mm10
CTCAATTCAGTACTAC-1,13621,74,hg19
CTCAATTGTGGGTATG-1,2188,37,hg19
CTCAATTGTTCCGTTC-1,9201,40,hg19
CTCACTGCACTAGGTT-1,8826,74,hg19
CTCACTGCACTGTGTA-1,6019,39,hg19
CTCACTGTCTTCTGGC-1,2558,30,hg19
CTCAGAAAGACCTCAT-1,9225,46,hg19
CTCAGAAAGACTTCCA-1,10117,55,hg19
CTCAGAACAACCGCTG-1,85,3442,mm10
CTCAGAAGTCTGCATA-1,150,8875,mm10
CTCAGGGAGTAGGTTA-1,4121,19,hg19
CTCAGGGCACTTCCTG-1,335,1885,mm10
CTCAGTCAGGATGTTA-1,54,6428,mm10
CTCATCGAGACGCATG-1,623,26,hg19
CTCATCGAGCCAGACA-1,6843,50,hg19
CTCATCGCACAAATCC-1,4822,21,hg19
CTCATCGCACAGTCCG-1,3011,34,hg19
CTCATGCCATAGTCGT-1,2765,412,hg19
CTCATGCGTGCATCTA-1,9787,70,hg19
CTCATGCGTTCTAAGC-1,26,1004,mm10
CTCATGCTCAACTGAC-1,3848,21,hg19
CTCATGCTCCAACCGG-1,6731,32,hg19
CTCATGCTCCTTTAGT-1,4777,34,hg19
CTCATTAAGACGCTCC-1,4851,25,hg19
CTCATTAAGGGTTTCT-1,5587,48,hg19
CTCATTAGTCCACTCT-1,5159,29,hg19
CTCATTATCATTTCCA-1,171,6097,mm10
CTCATTATCGAGAAGC-1,6969,44,hg19
CTCCAACAGAGTCCGA-1,29,539,mm10
CTCCAACTCTCATTGT-1,96,4913,mm10
CTCCACATCTGAGGTT-1,10527,50,hg19
CTCCATGAGGTGGCTA-1,125,6678,mm10
CTCCATGCAGACTGCC-1,6374,41,hg19
CTCCATGGTTCAGCTA-1,60,696,mm10
CTCCATGTCACATTGG-1,67,12593,mm10
CTCCCAAAGCACTCCG-1,2502,30,hg19
CTCCCAAGTATCATGC-1,4723,47,hg19
CTCCCAAGTCATAGTC-1,6502,53,hg19
CTCCCAAGTGCCTATA-1,145,16304,mm10
CTCCCAAGTTCAGGTT-1,21,1112,mm10
CTCCCAAGTTCCTACC-1,4302,29,hg19
CTCCCAATCAAAGGTA-1,6135,52,hg19
CTCCCTCCACTTGAGT-1,113,4671,mm10
CTCCCTCTCGTGGCGT-1,16819,79,hg19
CTCCCTCTCTGGACTA-1,6382,31,hg19
CTCCGATCAATGTGGG-1,1750,23,hg19
CTCCGATCACATACGT-1,5993,52,hg19
CTCCTCCAGAAACACT-1,201,19350,mm10
CTCCTCCCAAACGAGC-1,3890,36,hg19
CTCCTCCCAAGCAGGT-1,72,566,mm10
CTCCTCCCAGTAGAGC-1,2961,29,hg19
CTCCTCCTCGACGCTG-1,2999,32,hg19
CTCCTCCTCTGGAAGG-1,125,17655,mm10
CTCGAGGAGCATTTCG-1,2584,20,hg19
CTCGAGGAGCGGTATG-1,12,971,mm10
CTCGAGGGTGTTAGCT-1,7324,44,hg19
CTCTCAGGTGTCCATA-1,147,14440,mm10
CTCTCAGGTTCTATCT-1,186,24046,mm10
CTCTCAGTCATCACTT-1,5002,34,hg19
CTCTCAGTCCGACATA-1,32,525,mm10
CTCTCAGTCGAACTCA-1,4102,16,hg19
CTCTCAGTCGTCAGAT-1,825,133,hg19
CTCTCGACACCGTCGA-1,103,24715,mm10
CTCTCGACAGACAATA-1,1149,30,hg19
CTCTCGAGTCGAAACG-1,1831,42,hg19
CTCTCGATCCACAAGT-1,15121,61,hg19
CTCTGGTAGTAGCCAG-1,3240,16,hg19
CTCTGGTGTGTTGACT-1,105,3185,mm10
CTCTGGTTCGAACCTA-1,4610,42,hg19
CTGAATGGTTGTCTAG-1,6217,29,hg19
CTGAGCGCAATAACCC-1,2699,22,hg19
CTGAGCGGTATCCTTT-1,15148,67,hg19
CTGAGCGGTCGGCACT-1,9692,61,hg19
CTGAGCGTCCAAGCCG-1,1909,22,hg19
CTGAGGCCAAGGTACG-1,35,685,mm10
CTGAGGCGTCTACAGT-1,6222,36,hg19
CTGAGGCTCAGCTGTA-1,7652,36,hg19
CTGAGGCTCTTGTTAC-1,6977,39,hg19
CTGATCCGTCGCGGTT-1,3067,43,hg19
CTGATCCGTCTCGACG-1,4078,28,hg19
CTGATCCGTGCCTGCA-1,124,12634,mm10
CTGATCCTCAAGTGGG-1,3494,28,hg19
CTGCAGGCACGATAGG-1,9967,43,hg19
CTGCAGGCATACTGTG-1,129,16656,mm10
CTGCAGGGTAACTGCT-1,4343,10720,Multiplet
CTGCAGGGTATAGGAT-1,4418,20,hg19
CTGCATCAGACTGGGT-1,2109,19,hg19
CTGCATCGTCTCCCTA-1,4258,28,hg19
CTGCCATAGCATCCCG-1,514,80,hg19
CTGCCATAGCGATTCT-1,5012,18,hg19
CTGCCATAGGCTCAAG-1,105,14701,mm10
CTGCCATCAGGTGTGA-1,3113,30,hg19
CTGCCTAAGAGCATCG-1,3627,12,hg19
CTGCCTAAGCAAATGT-1,90,7895,mm10
CTGCCTAAGTTTGGCT-1,4001,24,hg19
CTGCCTAGTCGGTGAA-1,2440,27,hg19
CTGCGAGAGGGCAGGA-1,2797,52,hg19
CTGCGAGAGGTCGCCT-1,3094,33,hg19
CTGCGAGGTCTTACTT-1,1045,14,hg19
CTGCGAGTCATTTGTC-1,10420,55,hg19
CTGCGAGTCTGCCTGT-1,3456,14,hg19
CTGCTCATCAACGTGT-1,4593,25,hg19
CTGCTCATCGGCCAAC-1,3389,30,hg19
CTGGACGAGGACCCAA-1,4127,35,hg19
CTGGACGCACGTCTCT-1,5883,22,hg19
CTGGACGCATCATGAC-1,4186,35,hg19
CTGGACGGTCGTTTCC-1,5242,29,hg19
CTGGACGTCGACTCCT-1,5219,27,hg19
CTGGCAGCACATGACT-1,30,2048,mm10
CTGGCAGGTAGCTAAA-1,5069,24,hg19
CTGGCAGGTGCCTATA-1,26,2280,mm10
CTGGCAGTCCATTGTT-1,3778,23,hg19
CTGGTCTAGTATGACA-1,95,7767,mm10
CTGGTCTCACACAGAG-1,5114,46,hg19
CTGGTCTCACTGTTCC-1,7205,54,hg19
CTGGTCTCAGACCATT-1,1550,32,hg19
CTGGTCTGTGACACAG-1,3884,23,hg19
CTGGTCTTCGTCGCTT-1,2671,25,hg19
CTGGTCTTCTCACCCA-1,10021,56,hg19
CTGTACCCAAAGCACG-1,2324,16,hg19
CTGTACCCAATACGAA-1,644,59,hg19
CTGTACCGTATCTTCT-1,67,8640,mm10
CTGTACCTCGCGGACT-1,3367,26,hg19
CTGTACCTCTCCCAAC-1,116,9506,mm10
CTGTAGAAGCTGGAGT-1,7948,26,hg19
CTGTAGAAGTGGAATT-1,4371,43,hg19
CTGTAGACAATCTCTT-1,220,11283,mm10
CTGTAGACAGCACAGA-1,5084,28,hg19
CTGTAGAGTGTAACGG-1,48,6991,mm10
CTGTAGATCTCCCTAG-1,32,19906,mm10
CTGTATTAGTCGAAGC-1,12,1082,mm10
CTGTATTCAGACAAAT-1,9916,63,hg19
CTGTCGTTCGGTGTTA-1,2154,20,hg19
CTGTCGTTCTAGTGAC-1,8921,44,hg19
CTGTGAAAGCATCTTG-1,22,8618,mm10
CTGTGAATCTAGCATG-1,4635,26,hg19
CTGTGGGAGTCGAAAT-1,16162,51,hg19
CTGTGGGCAGCCCAGT-1,4149,19,hg19
CTGTGGGCATCGGTTA-1,127,12901,mm10
CTGTGGGGTCCTTAAG-1,7753,47,hg19
CTGTGGGTCTATCACT-1,5551,26,hg19
CTTACCGGTCGTATTG-1,3247,24,hg19
CTTACCGTCCGAGGCT-1,4013,43,hg19
CTTACCGTCTGCTTTA-1,828,31,hg19
CTTAGGAAGTTCGCAT-1,59,11771,mm10
CTTAGGATCACGGGCT-1,3267,27,hg19
CTTCAATAGAGAGCGG-1,66,9979,mm10
CTTCAATGTATTCTCT-1,11587,75,hg19
CTTCCGAAGTCATGCT-1,1170,17,hg19
CTTCCGACAACTAGAA-1,4155,41,hg19
CTTCCGACAACTCATG-1,875,26,hg19
CTTCCTTAGGCATGCA-1,5110,24,hg19
CTTCCTTCAAGACGGT-1,4973,36,hg19
CTTCCTTGTGCAGGAT-1,3571,61,hg19
CTTCCTTTCAATCAGC-1,8603,45,hg19
CTTCGGTCAACGTAAA-1,5926,31,hg19
CTTCGGTCAGACCAAG-1,8779,52,hg19
CTTCTAAAGCGTCGAA-1,47,8139,mm10
CTTCTAACACGACGCT-1,1935,36,hg19
CTTCTAAGTGACCTGC-1,696,23,hg19
CTTCTCTGTTAGAGAT-1,19,1146,mm10
CTTCTCTTCCGGTAAT-1,3211,27,hg19
CTTGAGAAGTTTCTTC-1,13838,47,hg19
CTTGAGACATGTCTAG-1,23,2250,mm10
CTTGATTAGCAGCAGT-1,101,8540,mm10
CTTGATTAGTTGAATG-1,2889,23,hg19
CTTGATTCAAAGGGCT-1,36,13267,mm10
CTTGATTCACCGGTCA-1,15,876,mm10
CTTGATTCAGTTTGGT-1,5426,26,hg19
CTTTCAAAGCGATCGA-1,2465,21,hg19
CTTTCAAAGTCAACAA-1,99,13138,mm10
CTTTCAACAAATCGGG-1,3692,27,hg19
CTTTCAAGTGCTGCAC-1,5940,34,hg19
CTTTCAAGTTAAGAAC-1,9033,34,hg19
CTTTCAAGTTGCAAGG-1,11654,43,hg19
CTTTCAAGTTTCGTAG-1,3980,40,hg19
CTTTCGGGTGCATTAC-1,3732,21,hg19
GAAACCTGTCGCGTTG-1,2480,26,hg19
GAAACCTTCAAGCCTA-1,1632,23,hg19
GAAACCTTCCGTAGGC-1,40,24997,mm10
GAAATGACAGCTCGGT-1,3240,25,hg19
GAAATGAGTGTCACAT-1,4355,34,hg19
GAACACTAGACGTCCC-1,33,707,mm10
GAACACTTCAGTGGGA-1,9869,25,hg19
GAACACTTCGTCCATC-1,3778,27,hg19
GAACGTTAGCGTATGG-1,1685,28,hg19
GAACGTTAGTACCATC-1,954,16,hg19
GAACGTTTCTAGCATG-1,508,29,hg19
GAACTGTGTACCCGAC-1,6498,30,hg19
GAAGAATAGATCCTAC-1,205,14496,mm10
GAAGAATCACCCTAGG-1,1929,35,hg19
GAAGAATGTTCAGGTT-1,71,11666,mm10
GAAGAATTCATAGAGA-1,6219,44,hg19
GAAGCCCAGAAATTGC-1,52,572,mm10
GAAGCCCAGTTGTACC-1,82,11974,mm10
GAAGCGAAGTCTACCA-1,39,4225,mm10
GAAGGACCATAGTCGT-1,11829,40,hg19
GAAGGACGTCGATTCA-1,3961,17,hg19
GAAGGGTAGCCATTGT-1,4791,20,hg19
GAAGGGTCAACTACGT-1,4697,47,hg19
GAAGGGTCAATACCCA-1,2195,20,hg19
GAAGGGTGTAGTCACT-1,3523,14,hg19
GAAGTAAAGTGTCATC-1,68,9508,mm10
GAAGTAACAGCGTGCT-1,21,1271,mm10
GAAGTAACAGTTTCAG-1,3131,25,hg19
GAAGTAAGTAGAGCTG-1,40,5429,mm10
GAAGTAAGTGGCCACT-1,3708,23,hg19
GAAGTAATCGCAGTTA-1,3981,30,hg19
GAATAGAGTGAGTAGC-1,47,5958,mm10
GAATAGATCATGCCCT-1,195,12042,mm10
GAATAGATCCTTGAAG-1,4144,25,hg19
GAATAGATCGTGCTCT-1,7363,39,hg19
GAATCACAGCGTGCCT-1,7878,33,hg19
GAATCACCAGAATCGG-1,3442,27,hg19
GAATCACCAGCTCATA-1,36,4618,mm10
GAATCACCATCGTTCC-1,9280,47,hg19
GAATCACGTATGCGTT-1,92,4713,mm10
GAATCACTCCTAGAGT-1,47,3773,mm10
GAATCGTAGGAGTCTG-1,14656,164,hg19
GAATCGTGTTCGGCGT-1,5287,30,hg19
GAATCGTGTTTACTTC-1,5971,29,hg19
GACACGCAGGTCGACA-1,3982,29,hg19
GACACGCAGGTTCATC-1,4809,33,hg19
GACACGCCACTGTCCT-1,5550,32,hg19
GACACGCGTCATAGTC-1,4199,36,hg19
GACACGCTCGCCGAGT-1,8175,62,hg19
GACACGCTCTATTCGT-1,7825,57,hg19
GACAGCCAGGTTCAGG-1,1334,2031,mm10
GACAGCCCAGGCGAAT-1,734,24,hg19
GACAGCCGTATCAGGG-1,7477,43,hg19
GACAGCCTCGGAATTC-1,9089,39,hg19
GACAGCCTCTACGGTA-1,11766,32,hg19
GACATCAAGTAAACAC-1,9715,42,hg19
GACATCACAACCACGC-1,6535,44,hg19
GACATCAGTCGATGCC-1,60,6877,mm10
GACCAATCAAAGCTAA-1,14874,63,hg19
GACCAATCAGTCACGC-1,76,5497,mm10
GACCAATGTTGGTACT-1,49,7726,mm10
GACCAATTCCAAACCA-1,252,14940,mm10
GACCAATTCCGTTTCG-1,4380,29,hg19
GACCCAGAGATACGAT-1,18,964,mm10
GACCCAGTCCTTCGAC-1,6115,40,hg19
GACCCTTAGACTACGG-1,1645,32,hg19
GACCCTTAGTCAACAA-1,76,11113,mm10
GACCCTTCACACCAGC-1,11630,68,hg19
GACCGTGCATAATCCG-1,5949,35,hg19
GACCGTGTCCTACCGT-1,13642,41,hg19
GACCTTCGTTGCCTAA-1,379,7777,mm10
GACGCTGCAATGAACA-1,3134,25,hg19
GACGTTACAAATCAAG-1,3510,16,hg19
GACGTTAGTGCGAACA-1,13,579,mm10
GACGTTAGTTCTCCCA-1,9156,39,hg19
GACGTTATCGTAACAC-1,19,2376,mm10
GACTATGAGGTGCATG-1,9651,34,hg19
GACTATGCAGGCTTGC-1,49,6417,mm10
GACTATGGTCCTTGTC-1,72,7709,mm10
GACTCAACAAGCGCAA-1,20,1179,mm10
GACTCAACAGTTTCGA-1,182,13765,mm10
GACTCTCCACAGCCAC-1,7541,58,hg19
GACTCTCTCTAAGAAG-1,64,5301,mm10
GACTGATAGACTGGGT-1,1488,8526,mm10
GACTTCCAGCAAGCCA-1,2742,22,hg19
GACTTCCAGTAGGATT-1,3911,34,hg19
GACTTCCCAGAGGAAA-1,10232,61,hg19
GACTTCCCAGTGTATC-1,7744,63,hg19
GACTTCCGTCGGCCTA-1,2411,28,hg19
GACTTCCTCGGAATTC-1,5420,39,hg19
GAGAAATAGGTACATA-1,59,9358,mm10
GAGAAATAGGTGGGTT-1,5833,41,hg19
GAGAAATCATCATGAC-1,6014,30,hg19
GAGAAATCATCTTCGC-1,4082,31,hg19
GAGAAATGTATAGGGC-1,114,4002,mm10
GAGAAATGTCGGTACC-1,4604,24,hg19
GAGAAATGTCTTGTCC-1,5065,40,hg19
GAGAAATTCATTTACC-1,638,125,hg19
GAGAAATTCCATTGCC-1,11308,73,hg19
GAGAAATTCGCTTGCT-1,91,9735,mm10
GAGACCCAGAGAGCAA-1,3578,42,hg19
GAGACCCCAAGAGAGA-1,3672,16,hg19
GAGACTTCAATTGTGC-1,3057,36,hg19
GAGACTTTCCATCGTC-1,4633,37,hg19
GAGACTTTCGACGATT-1,2383,27,hg19
GAGAGGTCATAACAGA-1,59,7114,mm10
GAGAGGTTCCATTGCC-1,17612,59,hg19
GAGATGGAGTGGCAGT-1,3910,21,hg19
GAGATGGCATTAAGCC-1,1891,27,hg19
GAGCCTGCAGCGCTTG-1,72,5569,mm10
GAGCCTGCAGCTCCTT-1,92,3270,mm10
GAGCCTGCATCCTTGC-1,102,16091,mm10
GAGCCTGGTCGTTTCC-1,12817,42,hg19
GAGCTGCGTCGCCACA-1,4376,22,hg19
GAGCTGCTCGATGCTA-1,63,11483,mm10
GAGCTGCTCGTGTCAA-1,1365,21,hg19
GAGGCAACAGCTTTGA-1,4235,26,hg19
GAGGCCTCAACGTAAA-1,2415,33,hg19
GAGGCCTTCTACTGCC-1,20,868,mm10
GAGGCCTTCTGAATCG-1,3573,15,hg19
GAGGGATAGGAAGTGA-1,3559,17,hg19
GAGGGATAGGGCAGTT-1,75,3827,mm10
GAGGGATTCACAAGGG-1,4573,25,hg19
GAGGGATTCGGTAAGG-1,2544,15,hg19
GAGGGATTCTACTTCA-1,3662,45,hg19
GAGGGTAAGTGGAAGA-1,101,2013,mm10
GAGGGTAGTCTGATCA-1,2624,16,hg19
GAGTCATCATGACAAA-1,99,9783,mm10
GAGTCTAAGGTCACCC-1,2522,23,hg19
GAGTCTACATAGATGA-1,69,6292,mm10
GAGTCTACATGACTTG-1,6340,39,hg19
GAGTCTAGTGCGTCGT-1,3911,19,hg19
GAGTGAGCATTAAGCC-1,3349,15,hg19
GAGTGAGGTACAAGTA-1,94,10202,mm10
GAGTGAGGTTCCGCGA-1,86,10364,mm10
GAGTGAGGTTGCACGC-1,2514,12,hg19
GAGTGAGTCCATAGAC-1,8059,45,hg19
GAGTGAGTCCTCACGT-1,2367,21,hg19
GAGTGAGTCTGGGCCA-1,4968,19,hg19
GAGTGTTTCGACCCAG-1,10,2282,mm10
GAGTTACAGTGTAGAT-1,4646,28,hg19
GAGTTACTCAGATGCT-1,3217,30,hg19
GAGTTGTAGTAACGTA-1,77,6665,mm10
GAGTTGTCATTGAGGG-1,2947,27,hg19
GAGTTGTGTGGTCCCA-1,2779,30,hg19
GAGTTGTGTGTATACC-1,3725,34,hg19
GAGTTGTTCATGCCAA-1,62,8032,mm10
GAGTTTGAGAAGCGCT-1,94,9716,mm10
GAGTTTGTCGATGCTA-1,5773,35,hg19
GAGTTTGTCTTTGCAT-1,4222,26,hg19
GATAGAACAGGAATCG-1,66,6108,mm10
GATAGAACAGGCTTGC-1,4157,34,hg19
GATAGAATCCGCATAA-1,6616,62,hg19
GATAGCTGTTTGGGTT-1,77,17114,mm10
GATAGCTTCTCACGAA-1,2576,27,hg19
GATCACAGTTCTCACC-1,5574,35,hg19
GATCACATCCACGGAC-1,28,765,mm10
GATCACATCGATTGGT-1,6494,68,hg19
GATCAGTCAATAGAGT-1,580,20,hg19
GATCAGTTCGTGTCAA-1,5748,16,hg19
GATCAGTTCTAGACAC-1,1810,45,hg19
GATCATGAGTAGGGTC-1,8130,82,hg19
GATCATGCACTCAGAT-1,2850,26,hg19
GATCATGGTATACAGA-1,1610,32,hg19
GATCATGTCACTGTCC-1,4288,46,hg19
GATCATGTCTGTAAGC-1,7005,36,hg19
GATCCCTCAAGATTGA-1,2660,32,hg19
GATCCCTGTATCCTTT-1,10454,39,hg19
GATCGTACACTGGACC-1,292,9479,mm10
GATGACTGTCCCTGAG-1,5753,24,hg19
GATGAGGAGAACTTCC-1,2672,37,hg19
GATGAGGAGAGCATAT-1,132,16959,mm10
GATGAGGCAGTGTGGA-1,4554,21,hg19
GATGAGGTCGCTCTCA-1,5334,32,hg19
GATGATCAGCCAACCC-1,6579,37,hg19
GATGATCAGGCTAGCA-1,2239,27,hg19
GATGATCGTCCATACA-1,2994,52,hg19
GATGATCGTTCGGTTA-1,7235,41,hg19
GATGATCTCATCACTT-1,10254,77,hg19
GATGCTAAGATGGTAT-1,6491,45,hg19
GATGGAGAGTATGCAA-1,13780,51,hg19
GATGGAGGTCTAGATC-1,8636,41,hg19
GATGGAGTCGCACGAC-1,4603,38,hg19
GATGTTGAGTAGGGTC-1,38,5692,mm10
GATGTTGCAGGCAATG-1,2965,32,hg19
GATGTTGGTGACCGTC-1,6521,32,hg19
GATGTTGGTGCGAACA-1,5798,37,hg19
GATTCGAAGGCGACAT-1,4357,9325,Multiplet
GATTCGAAGGCTAGCA-1,4703,28,hg19
GATTCGAGTATTGCCA-1,1785,52,hg19
GATTCGAGTCCTCCAT-1,11514,78,hg19
GATTCGAGTTGCGTAT-1,3128,19,hg19
GATTCGATCATTACTC-1,20172,90,hg19
GATTCTTAGTTGTAAG-1,7335,54,hg19
GATTCTTGTTCGGTTA-1,2964,32,hg19
GATTGGTGTAAGTTAG-1,4573,30,hg19
GATTTCTCAAGTTCGT-1,12116,33,hg19
GATTTCTGTGGCCTCA-1,3376,32,hg19
GATTTCTTCAAGGCTT-1,72,6548,mm10
GATTTCTTCCAACTAG-1,1620,24,hg19
GCAACATAGCCGATAG-1,1872,24,hg19
GCAACATGTCATCGGC-1,129,1232,mm10
GCAACATGTTGTTGCA-1,5237,43,hg19
GCAACATTCGCTCTCA-1,3973,43,hg19
GCAACCGCACTGTCGG-1,3173,23,hg19
GCAACCGGTGATAGAT-1,1217,23,hg19
GCACATATCTTCCGTG-1,3906,24,hg19
GCACGGTAGAAACCAT-1,1332,395,hg19
GCACGGTAGGTAAGAG-1,2001,21,hg19
GCACGGTAGTTTCGGT-1,10243,53,hg19
GCACGGTCAAGGATGC-1,14936,56,hg19
GCACGTGAGGTCGTAG-1,4601,24,hg19
GCACGTGAGTAAAGCT-1,3219,23,hg19
GCACGTGGTTGCTAGT-1,1007,27,hg19
GCACGTGTCAGCGTCG-1,542,24,hg19
GCACTAAGTTGACTAC-1,130,519,mm10
GCACTAATCTACGCGG-1,5709,30,hg19
GCAGCCAGTAGGCTCC-1,4056,34,hg19
GCAGCCAGTTTGGCTA-1,6162,22,hg19
GCAGCTGCATATCTGG-1,56,12487,mm10
GCAGGCTCAGTCTGGC-1,11878,47,hg19
GCAGGCTGTAACATCC-1,4866,32,hg19
GCAGGCTGTGCATCTA-1,534,22,hg19
GCAGTTAAGTACAGCG-1,20,1414,mm10
GCAGTTAGTATCCTTT-1,3916,33,hg19
GCAGTTATCACGACTA-1,4329,18,hg19
GCAGTTATCCATAGGT-1,3035,22,hg19
GCAGTTATCTTCCACG-1,3773,21,hg19
GCATCGGAGTGTACAA-1,7,669,mm10
GCATCGGCAAGCGATG-1,5297,52,hg19
GCATCTCAGTGCGTCC-1,56,694,mm10
GCATCTCCACTCCACT-1,3484,6296,Multiplet
GCATCTCCAGCAGTTT-1,1595,26,hg19
GCATCTCTCACCACAA-1,2235,11,hg19
GCATGATCAGAAATTG-1,154,5751,mm10
GCATTAGAGCGTGCTC-1,8586,34,hg19
GCATTAGGTCGGTGTC-1,55,4285,mm10
GCATTAGGTTGGGTTT-1,6645,43,hg19
GCATTAGTCTTTACAC-1,4711,35,hg19
GCCAACGTCACCCTGT-1,4968,30,hg19
GCCAACGTCCCATGGG-1,1319,33,hg19
GCCAACGTCGCGGTAC-1,40,6186,mm10
GCCAGGTAGGACGCTA-1,14036,144,hg19
GCCAGGTGTGTCTCCT-1,80,4471,mm10
GCCAGGTGTTCGTAAC-1,41,542,mm10
GCCAGTGAGATGTTCC-1,2140,26,hg19
GCCAGTGAGCAGTAAT-1,3553,30,hg19
GCCAGTGAGGTACATA-1,2404,14,hg19
GCCAGTGCAAAGGAGA-1,12759,51,hg19
GCCAGTGGTGTTAAAG-1,4577,25,hg19
GCCAGTGTCGAGTTGT-1,4638,14,hg19
GCCATGGAGACCTCAT-1,4940,27,hg19
GCCATGGGTATCCTCC-1,10902,51,hg19
GCCATGGTCATGTCTT-1,254,9779,mm10
GCCATTCAGATTGACA-1,724,10,hg19
GCCATTCAGTTAACAG-1,2698,21,hg19
GCCATTCCACAGCCAC-1,50,11826,mm10
GCCATTCGTCACGCTG-1,3687,24,hg19
GCCCAGAAGGTAAGTT-1,4058,22,hg19
GCCCAGAAGGTCCCTG-1,5205,36,hg19
GCCCAGACAGACGGAT-1,97,13423,mm10
GCCCAGAGTGAACCGA-1,12458,43,hg19
GCCCAGATCTCCCATG-1,2733,18,hg19
GCCCGAAAGTGTAGTA-1,2053,25,hg19
GCCCGAAGTTATGTGC-1,8161,43,hg19
GCCCGAATCCACACCT-1,89,8056,mm10
GCCGATGAGTCGGGAT-1,3616,26,hg19
GCCGATGCAAGATGTA-1,2918,25,hg19
GCCGATGCATGATCTG-1,6136,58,hg19
GCCGATGTCCATACTT-1,3637,24,hg19
GCCGTGAAGTAAACTG-1,8548,28,hg19
GCCGTGACACAAGCCC-1,178,8489,mm10
GCCGTGACACTTGAGT-1,6135,32,hg19
GCCGTGAGTCAACCTA-1,99,12830,mm10
GCCGTGATCATTCGTT-1,3850,23,hg19
GCCTGTTGTGTCTTAG-1,4892,31,hg19
GCCTGTTTCTTTGCGC-1,4149,25,hg19
GCGAGAATCGTCTAAG-1,4543,15,hg19
GCGAGAATCTTGAGCA-1,627,26,hg19
GCGATCGAGCATTTCG-1,8727,37,hg19
GCGATCGCAAAGCTAA-1,23,1237,mm10
GCGATCGTCAAACCCA-1,3940,34,hg19
GCGGAAAAGAGTCAAT-1,11651,58,hg19
GCGGATCAGACGTCCC-1,2678,48,hg19
GCGGATCCAAGAAACT-1,30,18854,mm10
GCGGATCCACTGATTG-1,3771,23,hg19
GCGGATCTCAGCGGAA-1,25,6389,mm10
GCGTGCAAGGACGCAT-1,52,3263,mm10
GCGTGCAGTCCAGCCA-1,55,9790,mm10
GCGTGCAGTCTTCCGT-1,3892,20,hg19
GCGTGCAGTGAATTGA-1,1815,25,hg19
GCGTTTCCATCCAACA-1,216,503,mm10
GCGTTTCTCGTAGGAG-1,5710,37,hg19
GCTACAAAGACGGATC-1,6175,29,hg19
GCTACAACACTACCCT-1,73,603,mm10
GCTACAATCTGTACAG-1,13875,93,hg19
GCTACCTGTATGCGGA-1,145,7198,mm10
GCTACCTTCATAGACC-1,116,11714,mm10
GCTCAAACAGCACGAA-1,42,711,mm10
GCTCAAACATGCCATA-1,538,46,hg19
GCTGAATAGAGCCGAT-1,4846,32,hg19
GCTGAATGTGGACAGT-1,3121,17,hg19
GCTGAATTCGCACTCT-1,4146,41,hg19
GCTGCAGAGTGGATTA-1,5234,35,hg19
GCTGCAGCAACTGGTT-1,1778,26,hg19
GCTGCAGCAAGGTCTT-1,2614,16,hg19
GCTGCAGCACATTGTG-1,10526,48,hg19
GCTGCAGCACTCCCTA-1,4238,38,hg19
GCTGCAGGTATACCCA-1,10584,59,hg19
GCTGGGTAGAGGACTC-1,87,11136,mm10
GCTGGGTCAAAGCTCT-1,7018,82,hg19
GCTGGGTCAGTCGGAA-1,4875,17,hg19
GCTGGGTCATCGGAAG-1,9899,46,hg19
GCTGGGTGTATAGCTC-1,2626,36,hg19
GCTGGGTGTTCTCTAT-1,75,9494,mm10
GCTTCACGTATCAGCT-1,264,16142,mm10
GCTTCACGTGATACTC-1,3174,42,hg19
GCTTGGGCAAGAGAGA-1,6910,40,hg19
GCTTGGGGTATTGAGA-1,31,3526,mm10
GCTTGGGTCCATATGG-1,928,14,hg19
GCTTGGGTCTAAGGAA-1,3522,34,hg19
GCTTTCGAGAGCACTG-1,289,2565,mm10
GCTTTCGCAAGAGTAT-1,3563,25,hg19
GCTTTCGGTCTGTGCG-1,19898,74,hg19
GCTTTCGTCGAGCACC-1,2484,35,hg19
GCTTTCGTCGGAGTGA-1,13823,2949,Multiplet
GGAACCCAGAATCGTA-1,4590,29,hg19
GGAACCCAGATTTGCC-1,4725,32,hg19
GGAACCCCAAATAAGC-1,3414,24,hg19
GGAACCCCATCGTTCC-1,106,15624,mm10
GGAACCCTCTAGCATG-1,2375,23,hg19
GGAAGTGGTTCTAACG-1,9357,43,hg19
GGAATCTAGCCTATTG-1,3105,15,hg19
GGAATGGAGTTAACAG-1,31,559,mm10
GGAATGGTCGGTCAGC-1,3313,9628,Multiplet
GGAATGGTCTCGCAGG-1,11911,31,hg19
GGACGTCTCAACTACG-1,5214,31,hg19
GGACGTCTCAAGAGTA-1,2974,13,hg19
GGACGTCTCACCGCTT-1,737,233,hg19
GGACGTCTCTCTAAGG-1,3745,15,hg19
GGAGAACGTGTCTTAG-1,4707,28,hg19
GGAGAACTCGTTCTAT-1,13973,59,hg19
GGAGAACTCTGTTGGA-1,137,2155,mm10
GGAGATGCAACGAGGT-1,5407,13,hg19
GGAGATGGTTTCGCTC-1,134,7217,mm10
GGAGCAACAGAGCCCT-1,4876,39,hg19
GGAGCAAGTACGTGTT-1,3983,41,hg19
GGAGCAATCGCAAGAG-1,562,45,hg19
GGAGGATAGGTACAGC-1,4644,27,hg19
GGAGGTAAGATGGTAT-1,18351,67,hg19
GGAGGTAAGTCGTCTA-1,3434,42,hg19
GGAGGTACAATGCAGG-1,7628,37,hg19
GGAGGTACACGGCACT-1,82,7136,mm10
GGAGGTAGTAAGGCTG-1,58,14422,mm10
GGAGGTATCCCAGGAC-1,47,4709,mm10
GGATCTATCCCAATAG-1,4461,28,hg19
GGATGTTCAGACGATG-1,10948,52,hg19
GGATGTTCATAATGAG-1,5126,36,hg19
GGATGTTTCGGTATGT-1,19,5043,mm10
GGCACGTGTCTAGGCC-1,110,8894,mm10
GGCAGTCAGGATACGC-1,143,11437,mm10
GGCAGTCAGTTGGCGA-1,5214,42,hg19
GGCAGTCCAGTTCCAA-1,3792,35,hg19
GGCGTCAAGCGATGGT-1,6475,36,hg19
GGCGTCACAGGATCTT-1,3023,23,hg19
GGCGTCATCATTTGTC-1,4189,43,hg19
GGCTGTGAGACATCAA-1,6374,45,hg19
GGCTGTGAGAGAGCCT-1,8898,51,hg19
GGCTGTGAGGACTATA-1,3885,30,hg19
GGCTGTGAGGGATCAC-1,5905,31,hg19
GGCTGTGAGTCCGCCA-1,123,11989,mm10
GGCTGTGGTACCGGCT-1,7723,44,hg19
GGCTTGGAGAGTTGTA-1,50,1367,mm10
GGCTTGGAGCGAGAAA-1,84,12314,mm10
GGCTTGGAGGATACGC-1,88,11868,mm10
GGCTTGGCAAGAAATC-1,21,672,mm10
GGCTTGGCATCAGCGC-1,17,1291,mm10
GGCTTGGGTCGAAGCA-1,79,2091,mm10
GGCTTTCAGAAACACT-1,4047,23,hg19
GGGAAGTCACAAGGTG-1,32,5126,mm10
GGGAAGTGTAGACTGG-1,9338,35,hg19
GGGAAGTGTTGTGGAG-1,3236,17,hg19
GGGACAAAGCAAGGAA-1,2984,21,hg19
GGGACAAAGGAAAGAC-1,2877,22,hg19
GGGACAACAGCTAACT-1,124,2255,mm10
GGGACAACAGTCAGCC-1,257,5196,mm10
GGGACAATCCCGTAAA-1,6147,31,hg19
GGGACCTCAATTGAAG-1,9532,59,hg19
GGGAGATGTCGCCACA-1,4624,21,hg19
GGGAGATGTTGCTGAT-1,8429,59,hg19
GGGAGTACAAAGGCGT-1,107,10392,mm10
GGGAGTAGTGTATTCG-1,4166,26,hg19
GGGAGTATCGTGCAGC-1,17,1497,mm10
GGGAGTATCTCGAGTA-1,723,63,hg19
GGGATCCAGGCACTCC-1,2230,23,hg19
GGGATGAAGCACTCAT-1,677,67,hg19
GGGATGAAGCAGCACA-1,12536,45,hg19
GGGATGAAGTCGCTAT-1,5104,27,hg19
GGGATGACAATGACCT-1,22119,105,hg19
GGGATGATCCCGTAAA-1,8117,190,hg19
GGGCCATAGAGCCTGA-1,9751,54,hg19
GGGCCATCAACTCCAA-1,74,6385,mm10
GGGCCATCATAGGTTC-1,3063,17,hg19
GGGCCATCATTCTGTT-1,8388,37,hg19
GGGCCATTCGGCTTGG-1,9938,53,hg19
GGGCGTTCAGACCCGT-1,60,7554,mm10
GGGCGTTTCGAGCTGC-1,39,31971,mm10
GGGCTACAGAGCAACC-1,3354,31,hg19
GGGCTACGTTGCTCAA-1,4323,84,hg19
GGGCTACTCGATTGAC-1,7325,26,hg19
GGGCTCACAATCTCGA-1,5737,41,hg19
GGGCTCATCATCGACA-1,105,10971,mm10
GGGTAGAGTACGTAGG-1,220,11047,mm10
GGGTATTTCCGATCTC-1,13,1563,mm10
GGGTATTTCGAGGCAA-1,66,4821,mm10
GGGTATTTCGCTAGCG-1,2937,20,hg19
GGGTATTTCGGCGATC-1,4139,17,hg19
GGGTCACAGAAAGCGA-1,8070,43,hg19
GGGTCACAGATACCAA-1,2927,23,hg19
GGGTCACAGGAGTACC-1,6606,35,hg19
GGGTCACCACGAAAGC-1,3864,34,hg19
GGGTCACCAGTCAGAG-1,4072,26,hg19
GGGTCACCATGACAGG-1,2729,18,hg19
GGGTCACTCAGAATAG-1,4552,29,hg19
GGGTCTGGTTTACACG-1,173,12149,mm10
GGGTGAATCCCATGGG-1,1567,21,hg19
GGGTGTCAGCATATGA-1,33,1420,mm10
GGGTGTCGTTCCAGGC-1,68,9296,mm10
GGGTTATAGTTCATCG-1,50,6167,mm10
GGGTTATCACGGTCTG-1,1225,16,hg19
GGGTTATCAGGTTTAC-1,5335,36,hg19
GGGTTATTCAAGAATG-1,3299,20,hg19
GGGTTTAGTAGTCGGA-1,11174,63,hg19
GGGTTTAGTCTCAGAT-1,52,4141,mm10
GGGTTTATCAATGTCG-1,6228,9656,Multiplet
GGTAACTGTCAAACGG-1,38,5828,mm10
GGTAACTTCCGTCAAA-1,4785,25,hg19
GGTAATCAGCATCTTG-1,119,8189,mm10
GGTAATCAGTTGTCGT-1,145,1233,mm10
GGTAATCTCGCAATGT-1,22,12984,mm10
GGTAATCTCGCTGTTC-1,1504,34,hg19
GGTAGAGTCTGGGCGT-1,72,9088,mm10
GGTCACGAGGAAAGGT-1,4358,38,hg19
GGTCACGCATCGTCCT-1,3272,28,hg19
GGTCACGGTATCCTTT-1,11397,56,hg19
GGTCACGGTGGTCTTA-1,1421,14,hg19
GGTCTGGAGAGACAAG-1,48,7347,mm10
GGTCTGGAGCCGATAG-1,5262,47,hg19
GGTCTGGCAGACAATA-1,3218,25,hg19
GGTCTGGGTCCAGAAG-1,3397,24,hg19
GGTCTGGTCCACTAGA-1,4179,28,hg19
GGTCTGGTCTCGGGAC-1,610,8,hg19
GGTGAAGAGCTTCTAG-1,59,10357,mm10
GGTGATTAGGATTCCT-1,7481,42,hg19
GGTGATTTCAGTGTGT-1,4155,47,hg19
GGTGGCTAGCCAAGCA-1,18937,64,hg19
GGTGGCTAGCGTGTCC-1,7646,35,hg19
GGTGGCTTCAGGGATG-1,5629,32,hg19
GGTGTCGAGGTCGTGA-1,4692,23,hg19
GGTGTCGCAGGCCCTA-1,1951,19,hg19
GGTGTCGGTCACTTAG-1,2555,14,hg19
GGTGTCGTCAATCCGA-1,15988,42,hg19
GGTGTTAAGCCGCTTG-1,4027,25,hg19
GGTGTTACAAGAGATT-1,2751,26,hg19
GGTGTTAGTATAATGG-1,5279,40,hg19
GGTTAACAGGCTTAAA-1,12274,10748,Multiplet
GGTTAACCATGTGCTA-1,39,2793,mm10
GGTTAACGTCGAGTTT-1,3870,42,hg19
GGTTCTCGTCATGGCC-1,5409,47,hg19
GGTTCTCGTTTACCTT-1,5294,24,hg19
GGTTCTCTCATTACCT-1,514,1,hg19
GGTTGTAAGAGGCCAT-1,1239,5169,mm10
GGTTGTAAGCATGCAG-1,765,25,hg19
GGTTGTAAGTGGACTG-1,73,9982,mm10
GGTTGTACAGCTACCG-1,6696,51,hg19
GGTTGTACAGTTGTTG-1,45,5007,mm10
GGTTGTAGTGACAGCA-1,7050,31,hg19
GGTTGTAGTTTAGAGA-1,3567,208,hg19
GGTTGTATCTGAGCAT-1,9097,28,hg19
GTAACACAGATGGTAT-1,8608,36,hg19
GTAACACGTCGGTGTC-1,14343,945,hg19
GTAACACGTTAGGGAC-1,129,15866,mm10
GTAACCAAGACAACAT-1,1869,28,hg19
GTAACCAAGCCATTCA-1,108,13018,mm10
GTAACCAAGCTCTTCC-1,4560,33,hg19
GTAACCAAGTAGTCCT-1,2881,35,hg19
GTAACCAGTTTGGAGG-1,2936,16,hg19
GTAAGTCAGATTAGAC-1,97,8738,mm10
GTAAGTCAGTATGGAT-1,7746,82,hg19
GTAAGTCGTCTCGGAC-1,5160,31,hg19
GTAATCGGTCTCCCTA-1,18,13241,mm10
GTAATCGGTGCCTTTC-1,45,4644,mm10
GTAATCGGTTCTTCAT-1,3771,34,hg19
GTAATCGTCCTTGGAA-1,69,5313,mm10
GTAATGCCAGGTGAGT-1,6923,48,hg19
GTAATGCCAGTCCCGA-1,10456,34,hg19
GTAATGCCATCTAACG-1,9947,43,hg19
GTAATGCGTAAGATAC-1,4534,24,hg19
GTAATGCGTAGGCTCC-1,3592,39,hg19
GTACAACGTAGGTCAG-1,4330,27,hg19
GTACAACGTTGGGAAC-1,4114,34,hg19
GTACAGTAGTCGGGAT-1,6194,30,hg19
GTACAGTTCATCTCTA-1,4130,43,hg19
GTAGAAATCACGGTCG-1,3633,19,hg19
GTAGAAATCGAAACAA-1,7033,32,hg19
GTAGAGGAGAGTGTTA-1,64,6635,mm10
GTAGAGGAGGGCCCTT-1,168,5742,mm10
GTAGATCAGGCCACTC-1,10082,55,hg19
GTAGATCAGGTTCACT-1,7256,48,hg19
GTAGATCTCTCCGCAT-1,697,655,hg19
GTAGCTAAGTACAGCG-1,5616,24,hg19
GTAGCTAGTACGAGTG-1,97,12532,mm10
GTAGCTAGTATGAAGT-1,116,5647,mm10
GTAGCTATCCAGTGCG-1,2927,20,hg19
GTAGGAGAGAATCGAT-1,60,8920,mm10
GTAGGAGAGATAACAC-1,34469,116,hg19
GTAGGAGCAATGAAAC-1,188,18845,mm10
GTAGGAGCAGCAGGAT-1,86,5420,mm10
GTAGGAGCAGCTAACT-1,101,12009,mm10
GTAGGAGGTCCGGTCA-1,3554,20,hg19
GTAGGAGGTTCTGAGT-1,5150,25,hg19
GTAGGAGTCTACGCGG-1,4190,21,hg19
GTAGGTTAGACTGAGC-1,1673,280,hg19
GTAGGTTAGATCACCT-1,675,22,hg19
GTAGGTTGTTCTCCCA-1,35,3432,mm10
GTAGTACGTTGTTGAC-1,14509,56,hg19
GTATTGGAGACTAAGT-1,4165,24,hg19
GTATTGGAGCCATTCA-1,2099,37,hg19
GTATTGGCAGGCACAA-1,2781,290,hg19
GTATTGGGTGAGACCA-1,5652,42,hg19
GTATTGGTCGAAGCAG-1,4079,29,hg19
GTATTGGTCTCAACCC-1,892,28,hg19
GTATTTCAGCATTTCG-1,6713,42,hg19
GTATTTCAGGGATCGT-1,17,928,mm10
GTATTTCGTAGACTGG-1,1646,27,hg19
GTATTTCTCGGCTGGT-1,1357,33,hg19
GTCAAACCAAGCGATG-1,4261,27,hg19
GTCAAACGTCAAGGCA-1,778,18,hg19
GTCAAACTCTTCGTAT-1,382,8270,mm10
GTCAAGTGTTTGTTCT-1,9079,46,hg19
GTCACGGGTGAGGCAT-1,3598,22,hg19
GTCACTCAGAGTCTGG-1,18,10275,mm10
GTCACTCCAACGGCTC-1,206,16519,mm10
GTCACTCGTACCACGC-1,2200,32,hg19
GTCACTCTCACCTGGG-1,8140,42,hg19
GTCAGCGAGACCATGG-1,1930,22,hg19
GTCAGCGCACCTGCAG-1,1691,27,hg19
GTCAGCGCATCTCCCA-1,3192,37,hg19
GTCAGCGGTGCTTCAA-1,3985,26,hg19
GTCATCCAGGATACCG-1,390,24632,mm10
GTCATGACACGTATAC-1,5120,21,hg19
GTCATGAGTCAGGAGT-1,1951,17,hg19
GTCATGAGTGAAGCGT-1,6703,40,hg19
GTCATTTCAAACGAGC-1,8780,45,hg19
GTCATTTCACTCGATA-1,45,7785,mm10
GTCATTTCAGAGACTG-1,149,9106,mm10
GTCATTTTCATTGCGA-1,1241,26,hg19
GTCCACTGTCCACGCA-1,5723,32,hg19
GTCCCATAGCGTATAA-1,9142,33,hg19
GTCCCATCATTATGCG-1,8332,36,hg19
GTCCTCAAGGACTGGT-1,8036,55,hg19
GTCCTCACACAAAGCG-1,2166,14,hg19
GTCCTCATCTCTTGCG-1,20,10817,mm10
GTCGAATGTACAACGG-1,4966,15,hg19
GTCGAATGTATTGACC-1,73,10463,mm10
GTCGAATGTCTCAGAT-1,5006,49,hg19
GTCGAATGTGAACCGA-1,8455,33,hg19
GTCGAATTCGTCAAAC-1,41,660,mm10
GTCGCGAAGAGCAGAA-1,11416,16,hg19
GTCGCGATCACCTGTC-1,2723,29,hg19
GTCGCGATCGAGTCTA-1,2709,25,hg19
GTCGTAACAACCGACC-1,8100,31,hg19
GTCGTAACACCTAAAC-1,88,4423,mm10
GTCGTAACATCTCATT-1,3534,62,hg19
GTCGTAAGTAGCGAGT-1,2803,12,hg19
GTCGTAATCACCTTGC-1,145,4876,mm10
GTCGTTCCACCCATAA-1,19,2395,mm10
GTCGTTCCAGGGTCTC-1,5873,32,hg19
GTCGTTCGTAGTCGGA-1,11089,3412,Multiplet
GTCGTTCGTGGCTTAT-1,4199,16,hg19
GTCGTTCGTGTGAATA-1,3027,12,hg19
GTCGTTCGTTGTCAGT-1,22,1084,mm10
GTCTACCAGACGGAAA-1,20,774,mm10
GTCTACCAGTTAGTAG-1,1181,24,hg19
GTCTACCCACCCAACG-1,4680,56,hg19
GTCTACCTCCGCAGTG-1,6113,24,hg19
GTCTAGACAAGAATGT-1,8021,28,hg19
GTCTAGACAATACCTG-1,5332,35,hg19
GTCTAGATCGTTTACT-1,6242,42,hg19
GTCTCACCATGGACAG-1,3103,25,hg19
GTCTCACGTACGAGTG-1,78,10192,mm10
GTCTCACGTAGTTCCA-1,2250,26,hg19
GTCTCACTCTACCACC-1,7896,48,hg19
GTCTCACTCTACTATC-1,10837,51,hg19
GTCTCACTCTCCGAGG-1,9297,50,hg19
GTCTGTCCATGATAGA-1,963,14,hg19
GTCTGTCGTAGGCAGT-1,4553,17,hg19
GTCTGTCGTCGCTCGA-1,7704,28,hg19
GTCTTTAAGATCGGTG-1,2881,21,hg19
GTCTTTACACCCAATA-1,29,1020,mm10
GTCTTTACAGGGTTGA-1,6092,22,hg19
GTCTTTACATGCCGAC-1,3633,18,hg19
GTCTTTAGTCTGTGAT-1,1109,18,hg19
GTCTTTATCCTAAGTG-1,146,18865,mm10
GTCTTTATCCTTGAAG-1,546,10,hg19
GTCTTTATCGGCCCAA-1,128,11087,mm10
GTGACGCAGGGAGAAT-1,19,3544,mm10
GTGACGCAGTTCACTG-1,12692,43,hg19
GTGACGCCATGTGTCA-1,3248,27,hg19
GTGAGCCAGATCCCAT-1,4248,40,hg19
GTGAGCCAGGTAACTA-1,168,3360,mm10
GTGAGCCAGGTTCAGG-1,10060,31,hg19
GTGAGCCGTACTCAAC-1,5126,25,hg19
GTGAGCCGTCTATGAC-1,555,36,hg19
GTGAGGACACCGTGAC-1,2482,28,hg19
GTGAGTTAGAAGTATC-1,13153,44,hg19
GTGAGTTAGCATGGGT-1,11653,32,hg19
GTGAGTTGTGTTGACT-1,2063,44,hg19
GTGATGTCAAGAGTGC-1,10,981,mm10
GTGATGTCATGAAGGC-1,3485,30,hg19
GTGCACGCATAATGAG-1,4837,38,hg19
GTGCACGGTCGTGGTC-1,2055,10,hg19
GTGCACGGTGTATCCA-1,6430,15,hg19
GTGCAGCAGGGAACAA-1,4074,20,hg19
GTGCAGCCAAACCACT-1,3986,29,hg19
GTGCAGCCAAGAGCTG-1,7306,27,hg19
GTGCAGCCACAACCGC-1,1916,27,hg19
GTGCAGCCACAACGAG-1,13321,51,hg19
GTGCAGCTCGGTCTAA-1,3093,61,hg19
GTGCTGGAGTACAGAT-1,7517,37,hg19
GTGCTGGCAAATGATG-1,4118,17,hg19
GTGCTGGCAACAACAA-1,61,11064,mm10
GTGCTTCCACGAGGAT-1,2619,25,hg19
GTGCTTCGTACTGGGA-1,56,6532,mm10
GTGCTTCGTCCTACAA-1,3495,25,hg19
GTGGAAGAGCCATGCC-1,5841,30,hg19
GTGGAAGAGTTGAATG-1,8212,25,hg19
GTGGAAGCAAACCACT-1,15034,63,hg19
GTGGAAGCAAAGGAGA-1,5535,28,hg19
GTGGAAGCAGACAAAT-1,6328,28,hg19
GTGGAGAAGTCGCGAA-1,3320,36,hg19
GTGGAGAAGTGTACAA-1,84,12382,mm10
GTGGAGACAGCAGAAC-1,1086,14,hg19
GTGGAGACAGCTCCTT-1,20,11358,mm10
GTGGAGAGTGTCCATA-1,163,13738,mm10
GTGGAGATCCACGGGT-1,3425,27,hg19
GTGGCGTCAAGAATGT-1,164,615,mm10
GTGGCGTTCACACGAT-1,1757,11,hg19
GTGGCGTTCCACTGGG-1,3561,16,hg19
GTGGCGTTCTTTGATC-1,3942,20,hg19
GTGGGAAAGCGCGTTC-1,3945,35,hg19
GTGGGAAGTACCATAC-1,194,21943,mm10
GTGGGAAGTTCAAGGG-1,111,16230,mm10
GTGGGAATCCCGAAAT-1,12108,5185,Multiplet
GTGGGAATCGTAGGAG-1,562,21,hg19
GTGGGAATCTATGTGG-1,78,5003,mm10
GTGGTTAGTGAATTAG-1,6785,36,hg19
GTGGTTATCAATCTTC-1,244,19954,mm10
GTGTAACAGACATAAC-1,3059,56,hg19
GTGTAACAGTCTCGTA-1,6453,36,hg19
GTGTCCTGTTCTCGTC-1,34,4876,mm10
GTGTCCTTCTCACTCG-1,5245,38,hg19
GTGTGATAGAGGGTAA-1,4561,33,hg19
GTGTGATAGAGGTATT-1,2903,59,hg19
GTGTGATCAAATTGGA-1,79,722,mm10
GTGTGATCAATGCAAA-1,9272,34,hg19
GTGTGATTCTGAGGTT-1,2457,49,hg19
GTGTGATTCTTAGCTT-1,25,14932,mm10
GTGTGGCAGCCTGTGC-1,8060,41,hg19
GTGTGGCCACCGTGCA-1,6631,33,hg19
GTGTGGCCATAGTCGT-1,2909,35,hg19
GTGTGGCCATCATTGG-1,7787,35,hg19
GTGTGGCGTCACTGAT-1,118,19299,mm10
GTGTTAGAGGGCAAGG-1,59,2403,mm10
GTGTTAGAGGTGCTGA-1,3086,17,hg19
GTGTTAGAGTTGCGAG-1,5195,19,hg19
GTGTTAGCAAAGAACT-1,2661,22,hg19
GTGTTAGCAGAGAGGG-1,5606,27,hg19
GTGTTAGTCGCCTCTA-1,10652,45,hg19
GTGTTAGTCTCCGCAT-1,49,6465,mm10
GTTACAGAGACTCGAG-1,4054,6664,Multiplet
GTTACAGAGCGTGCTC-1,70,8106,mm10
GTTACCCTCGTTAGAC-1,8589,43,hg19
GTTACCCTCTCCGCAT-1,3028,21,hg19
GTTACGACACTGAGTT-1,4094,25,hg19
GTTACGATCACTGGTA-1,10798,75,hg19
GTTAGACAGAGTCTGG-1,9512,46,hg19
GTTAGACAGTTGAAAC-1,12715,46,hg19
GTTAGACCACGCGCTA-1,30716,62,hg19
GTTAGACCAGAATTCC-1,25,5069,mm10
GTTAGACCAGCTGCCA-1,173,17106,mm10
GTTAGACGTACCGTGC-1,3752,266,hg19
GTTAGACGTGGTCTCG-1,12135,36,hg19
GTTAGACTCATCGTAG-1,780,13,hg19
GTTAGACTCCAACCAA-1,4300,24,hg19
GTTAGACTCCCGAGGT-1,58,7009,mm10
GTTAGTGGTCCGGATC-1,5100,41,hg19
GTTATGGAGCATTTGC-1,8258,43,hg19
GTTCATTAGCGTGAGT-1,258,4972,mm10
GTTCATTTCAAGCCCG-1,5274,29,hg19
GTTCCGTCACTGGCGT-1,133,13581,mm10
GTTCCGTGTGCCTAAT-1,2524,15,hg19
GTTCGCTAGATGCTTC-1,4399,24,hg19
GTTCGCTCAAGATGTA-1,4488,28,hg19
GTTCTATGTTATGTGC-1,42,2859,mm10
GTTCTATGTTTGGAAA-1,3211,19,hg19
GTTGAACAGTAGGCCA-1,2392,32,hg19
GTTGAACTCGCAGTTA-1,4517,22,hg19
GTTGCGGAGCTGCCTG-1,767,15,hg19
GTTGCGGAGGGCAGTT-1,46,2574,mm10
GTTGCGGTCTACTGCC-1,2373,26,hg19
GTTGTAGAGTAGATCA-1,9170,938,hg19
GTTGTAGGTGGCGCTT-1,115,7814,mm10
GTTGTAGTCACTTGTT-1,3090,34,hg19
GTTGTAGTCTCCGAGG-1,2587,17,hg19
GTTGTCCAGAAGGCTC-1,51,4871,mm10
GTTGTCCAGTAGCATA-1,4062,30,hg19
GTTGTCCGTAGTATAG-1,9548,23,hg19
GTTGTCCGTGCAAGAC-1,7995,51,hg19
GTTGTGAAGCGATCGA-1,78,8440,mm10
GTTGTGACATAAGATG-1,38,6008,mm10
GTTGTGATCATAAGGA-1,4039,18,hg19
GTTTACTGTGTCCAAT-1,537,7,hg19
GTTTGGAAGATTCGCT-1,59,8679,mm10
GTTTGGAGTAGCTGTT-1,58,4092,mm10
GTTTGGAGTTAAGGGC-1,64,7648,mm10
TAACACGAGCGTGAAC-1,10274,55,hg19
TAACACGCATGGGTTT-1,425,41283,mm10
TAACCAGGTCATATGC-1,148,17697,mm10
TAACCAGTCACCCTTG-1,4960,18,hg19
TAACGACCACTACCCT-1,45,12109,mm10
TAACGACGTACTGTTG-1,3818,22,hg19
TAACGACTCCAGTGCG-1,4061,112,hg19
TAACTTCAGCAAACAT-1,3491,43,hg19
TAACTTCGTGGTCTAT-1,2350,19,hg19
TAAGCACCAGTAGAGC-1,69,5226,mm10
TAAGCACCAGTCACGC-1,10089,44,hg19
TAAGCACGTACCTAGT-1,32,2402,mm10
TAAGCACGTGCATTTG-1,5628,25,hg19
TAAGCCAAGCCAGAGT-1,12576,55,hg19
TAAGCCACAGACACAG-1,8097,76,hg19
TAAGCCAGTAGTTACC-1,14828,40,hg19
TAAGCGTAGCGTGTTT-1,6459,18,hg19
TAAGCGTCAACGACAG-1,690,18,hg19
TAAGCGTTCCATCAGA-1,6158,27,hg19
TAAGCGTTCCCATAGA-1,16668,46,hg19
TAAGTCGCAATACGAA-1,55,3357,mm10
TAAGTCGCACGTATAC-1,4028,18,hg19
TAAGTCGCATTGTGCA-1,2181,24,hg19
TAATCTCAGATAGTCA-1,66,2641,mm10
TAATCTCCAGGTGTGA-1,172,10900,mm10
TAATCTCGTTGAAGTA-1,3555,24,hg19
TAATCTCTCGTGGAAG-1,86,10160,mm10
TAATTCCAGAGGGTGG-1,96,7201,mm10
TAATTCCCAACTTCTT-1,89,9746,mm10
TAATTCCCAGGTGAGT-1,2729,21,hg19
TAATTCCGTACCGTGC-1,1046,24,hg19
TAATTCCTCGAGCTGC-1,5687,27,hg19
TAATTCCTCTACGGTA-1,5570,43,hg19
TACAACGCATATACCG-1,1936,24,hg19
TACAACGGTTACCTTT-1,6979,41,hg19
TACACCCCATGACCCG-1,32,4231,mm10
TACACCCGTAGAGGAA-1,2235,27,hg19
TACATTCTCACTGTTT-1,3222,32,hg19
TACCCACAGCCTGTGC-1,118,16074,mm10
TACCCACAGTAGGTTA-1,3130,24,hg19
TACCCGTTCTGAATGC-1,7423,48,hg19
TACCGAATCCCTCATG-1,6186,39,hg19
TACCGAATCGCGAAGA-1,1338,607,hg19
TACCGAATCGTGGGTC-1,2379,17,hg19
TACCGGGAGCACTAAA-1,5863,46,hg19
TACCGGGGTATAGGAT-1,2295,26,hg19
TACCGGGGTTCTCTAT-1,2659,23,hg19
TACCTCGAGCCGAACA-1,194,2536,mm10
TACCTCGTCGCAATGT-1,3906,18,hg19
TACCTGCAGGTAAGGA-1,50,5300,mm10
TACCTGCAGTCGCCAC-1,7709,41,hg19
TACCTGCCAGCTCCTT-1,5281,52,hg19
TACCTGCCATGTGGTT-1,3982,40,hg19
TACCTGCGTCGCACAC-1,11212,61,hg19
TACCTGCGTCTCCTGT-1,972,24,hg19
TACCTGCTCGACACTA-1,30856,106,hg19
TACGCTCCAGCAGGAT-1,101,15292,mm10
TACGCTCTCGTTCTGC-1,18126,73,hg19
TACGGGCCAATGTCTG-1,5542,43,hg19
TACGGGCTCATCACTT-1,175,8925,mm10
TACGGGCTCTGTCGCT-1,1153,17,hg19
TACGGTAAGAGACAAG-1,7177,29,hg19
TACGGTAGTGTAACGG-1,63,1674,mm10
TACGGTAGTTTCACAG-1,231,21272,mm10
TACGGTATCCTGTAAG-1,4954,40,hg19
TACGGTATCGCCTCTA-1,3944,32,hg19
TACGTCCGTTGCCTAA-1,29,21149,mm10
TACGTCCTCAAACGAA-1,3411,252,hg19
TACTGCCAGCGTATGG-1,3385,21,hg19
TACTGCCTCCACAAGT-1,5660,49,hg19
TACTTACAGAGCCGAT-1,8173,68,hg19
TACTTACCAAGACAAT-1,8571,50,hg19
TACTTACGTCGAGTTT-1,4106,13,hg19
TACTTACGTTGGGAAC-1,890,14,hg19
TACTTACTCTCGGTAA-1,193,7760,mm10
TACTTCAAGCAAATGT-1,3764,26,hg19
TACTTCACATAAGATG-1,4560,28,hg19
TACTTCAGTTCCCACT-1,7771,46,hg19
TACTTCAGTTTACCAG-1,4938,28,hg19
TACTTCATCAGAGCGA-1,4600,21,hg19
TACTTGTTCGGTCATA-1,75,3518,mm10
TAGACCACATTGACCA-1,181,19535,mm10
TAGACCAGTTCAGGTT-1,5555,32,hg19
TAGACTGGTGCGTCGT-1,18,1401,mm10
TAGACTGTCTCATGCC-1,7081,33,hg19
TAGAGTCAGAACCGCA-1,2190,13,hg19
TAGAGTCCACAGAGCA-1,7456,58,hg19
TAGAGTCCAGAGATTA-1,4447,22,hg19
TAGATCGAGAGCAGCT-1,45,3975,mm10
TAGATCGAGGAAACGA-1,3575,35,hg19
TAGATCGGTCACGCTG-1,2142,26,hg19
TAGATCGGTGTTAAAG-1,3858,26,hg19
TAGATCGGTTGCCATA-1,3049,18,hg19
TAGCACAAGATCGCCC-1,56,6699,mm10
TAGCACAAGCTCCACG-1,87,8780,mm10
TAGCACAAGTACCATC-1,54,4756,mm10
TAGCACAGTATGGAAT-1,4085,23,hg19
TAGCACATCCGTAATG-1,2491,40,hg19
TAGGAGGAGACGGTCA-1,8278,38,hg19
TAGGAGGGTCCCGTGA-1,7458,30,hg19
TAGGAGGTCGGTATGT-1,71,4706,mm10
TAGGGTTAGAGTTGTA-1,2863,25,hg19
TAGGGTTTCGCTGATA-1,5718,31,hg19
TAGGTACAGTGTACCT-1,4499,30,hg19
TAGGTACGTCTGCCTT-1,2692,27,hg19
TAGGTACGTTGCTCAA-1,80,7537,mm10
TAGGTTGCAAGGCGTA-1,44,6433,mm10
TAGGTTGTCTACCAGA-1,3158,8179,Multiplet
TAGGTTGTCTTTGATC-1,82,12317,mm10
TAGTGCAAGATGCCGA-1,6562,39,hg19
TAGTGCACACTGAGTT-1,4086,50,hg19
TAGTGCATCGGCTGGT-1,5445,35,hg19
TATACCTAGGGTACAC-1,5270,28,hg19
TATACCTTCAATCTCT-1,5327,31,hg19
TATACCTTCCAAGCTA-1,102,9735,mm10
TATATCCAGAATTGTG-1,3128,42,hg19
TATATCCAGGTTAAAC-1,7373,35033,Multiplet
TATATCCAGTCTAGCT-1,169,4139,mm10
TATATCCCAGAGTCAG-1,188,23325,mm10
TATATCCGTATCTCTT-1,552,10,hg19
TATATCCGTGATAGTA-1,74,12515,mm10
TATATCCTCTCTATGT-1,369,1227,mm10
TATCAGGCAGTTCCAA-1,10732,53,hg19
TATCAGGTCCGCCTAT-1,14695,49,hg19
TATCAGGTCTAGGCCG-1,2082,31,hg19
TATCCTAAGCCTGTCG-1,7652,67,hg19
TATCCTAAGTACCATC-1,112,4408,mm10
TATCCTACACTACAGT-1,3989,53,hg19
TATCCTAGTCCTTTGC-1,8662,285,hg19
TATCCTAGTGTGAGCA-1,6587,31,hg19
TATCGCCAGGTGCCAA-1,12535,43,hg19
TATCGCCAGTACTGGG-1,19,615,mm10
TATCGCCAGTTTGGCT-1,26,878,mm10
TATCGCCCAGGATCTT-1,7314,51,hg19
TATCGCCTCGGATAAA-1,46,6105,mm10
TATCTGTAGTTTCTTC-1,7279,41,hg19
TATCTGTCAACTGCTA-1,2854,50,hg19
TATCTGTCATACTGAC-1,8748,405,hg19
TATCTGTGTAAGCGGT-1,13,658,mm10
TATCTGTGTACCCGCA-1,73,4107,mm10
TATCTGTGTGCGAACA-1,13734,196,hg19
TATCTGTGTGTCCGGT-1,10515,43,hg19
TATCTGTTCCAGCACG-1,3902,22,hg19
TATCTGTTCTCGTGAA-1,126,2839,mm10
TATCTGTTCTGAATGC-1,2014,20,hg19
TATCTTGCAGTGGGTA-1,2713,18,hg19
TATCTTGGTTAATCGC-1,14299,65,hg19
TATCTTGTCAGCCCAG-1,4364,38,hg19
TATGTTCAGCGACCCT-1,5670,46,hg19
TATGTTCAGTGGTCAG-1,2908,40,hg19
TATGTTCGTTCTCCCA-1,727,40,hg19
TATGTTCTCGGTCAGC-1,1039,21,hg19
TATGTTCTCTAGTACG-1,90,3465,mm10
TATTCCAAGTGACACG-1,4238,27,hg19
TATTCCACAAGCAATA-1,5361,43,hg19
TATTGCTCACTTGAAC-1,7022,43,hg19
TATTGCTCAGACGCTC-1,3810,73,hg19
TATTGCTTCAGAACCT-1,5021,39,hg19
TATTGGGAGCAGGGAG-1,2300,22,hg19
TATTGGGAGCCTGAGA-1,79,6019,mm10
TATTTCGAGATCACTC-1,30,2237,mm10
TATTTCGAGCAGCAGT-1,49,3964,mm10
TATTTCGAGCCACCGT-1,23,574,mm10
TATTTCGCATCTAACG-1,141,9873,mm10
TATTTCGCATTCTGTT-1,2524,26,hg19
TATTTCGGTGAATGTA-1,3582,32,hg19
TATTTCGGTGGGATTG-1,5645,52,hg19
TATTTCGTCATTTGTC-1,2603,7,hg19
TCAAGACGTGGCGTAA-1,6939,26,hg19
TCAAGACTCGCCTCTA-1,3803,30,hg19
TCAAGCACAAACGAGC-1,6416,35,hg19
TCAAGCACATCATCTT-1,5067,43,hg19
TCAAGCACATCTAACG-1,6788,39,hg19
TCAAGCAGTGAATGTA-1,4022,25,hg19
TCAAGTGTCCGTGGCA-1,32,3947,mm10
TCAATTCAGAATTCAG-1,13263,51,hg19
TCAATTCAGCTTCATG-1,2980,69,hg19
TCACAAGAGACATAAC-1,399,2086,mm10
TCACATTAGCACTCTA-1,4809,65,hg19
TCACATTTCATTACTC-1,3975,52,hg19
TCACGCTCAATTGAGA-1,2130,24,hg19
TCACGCTGTTATGTCG-1,3692,25,hg19
TCACGGGAGAGGCGGA-1,6521,38,hg19
TCACGGGAGGTAGCAC-1,3576,36,hg19
TCACGGGGTTCACGAT-1,74,5428,mm10
TCACTATAGTGTGTTC-1,2308,14,hg19
TCACTATAGTTAGTAG-1,91,5667,mm10
TCACTATGTCATCACA-1,613,157,hg19
TCACTATGTTGCGTAT-1,91,5541,mm10
TCACTATTCGCTGATA-1,211,26823,mm10
TCACTATTCTACACAG-1,635,30,hg19
TCACTATTCTCGCAGG-1,2308,32,hg19
TCACTATTCTTGAACG-1,52,706,mm10
TCACTCGAGAAGCCTG-1,5130,34,hg19
TCACTCGAGCCTAACT-1,160,12961,mm10
TCACTCGGTGGGACAT-1,4998,56,hg19
TCACTCGTCTGTACAG-1,8,1505,mm10
TCAGCAACAAGCCCAC-1,6539,85,hg19
TCAGCAAGTAGGCAGT-1,3970,27,hg19
TCAGCAATCTCGCCTA-1,7923,43,hg19
TCAGCCTTCGTGACTA-1,34,1706,mm10
TCAGGGCAGAGTGTTA-1,2708,14,hg19
TCAGGGCAGGTTCACT-1,12911,77,hg19
TCAGGGCCAACATCGT-1,2530,23,hg19
TCAGGGCGTCTACATG-1,2418,7337,Multiplet
TCAGGGCGTGAACTAA-1,2932,14,hg19
TCAGGGCGTTGTCAGT-1,16190,49,hg19
TCAGGTAAGAAGAGCA-1,2707,17,hg19
TCAGGTAAGACTACCT-1,4748,80,hg19
TCAGGTACACAAGCTT-1,6022,49,hg19
TCAGGTAGTCTTGAGT-1,28,19405,mm10
TCAGTCCAGCGCATCC-1,4829,23,hg19
TCAGTCCGTCCGAAGA-1,46,6269,mm10
TCAGTGAAGAGAAGGT-1,4069,14,hg19
TCAGTGACACACCGCA-1,2661,33,hg19
TCAGTGACAGACGGAT-1,3312,46,hg19
TCAGTGACATCGATAC-1,10251,97,hg19
TCAGTGAGTGTCCGGT-1,590,70,hg19
TCAGTGAGTTGTGGAG-1,59,3070,mm10
TCAGTTTAGTCCTGCG-1,12165,50,hg19
TCAGTTTTCCTAAGTG-1,26,17805,mm10
TCATACTAGGAGGTTC-1,5030,31,hg19
TCATACTAGTGAGTTA-1,3204,22,hg19
TCATACTTCAAACTGC-1,4375,33,hg19
TCATCATCAGATACCT-1,153,10683,mm10
TCATCATGTCGGCTAC-1,3215,21,hg19
TCATCATGTTAAGGAT-1,702,20,hg19
TCATCATTCGGAACTT-1,2059,26,hg19
TCATCATTCTGACCCT-1,3347,41,hg19
TCATCCGAGGAACATT-1,15426,73,hg19
TCATCCGAGGAACTAT-1,187,10264,mm10
TCATCCGAGGTTCATC-1,2805,18,hg19
TCATCCGCAAGGCGTA-1,11454,58,hg19
TCATCCGGTACTTGTG-1,116,2531,mm10
TCATCCGTCTGACGCG-1,6021,37,hg19
TCATGAGAGCTTCTAG-1,100,1489,mm10
TCATGAGCACCTCTAC-1,4988,32,hg19
TCATGAGGTAAGCTCT-1,606,26,hg19
TCATGAGGTGTAACGG-1,189,4185,mm10
TCATGAGTCGCCACTT-1,2298,47,hg19
TCATGAGTCTTCCACG-1,5235,36,hg19
TCATGCCAGACCTCCG-1,6311,37,hg19
TCATGCCAGGTGATCG-1,87,629,mm10
TCATGGAAGGCTAAAT-1,26,1190,mm10
TCATGGAAGTGGTTCT-1,4765,36,hg19
TCATGGAGTGAATTAG-1,13637,67,hg19
TCATGGAGTGTACAGG-1,4050,25,hg19
TCATGGAGTTTGTGGT-1,131,8395,mm10
TCATGGATCTGGCCTT-1,543,36,hg19
TCATGTTAGAGCCGTA-1,5268,41,hg19
TCATGTTAGCCTCAAT-1,3783,12,hg19
TCATGTTCAAGTCGTT-1,6265,36,hg19
TCATGTTTCCACCTCA-1,6024,38,hg19
TCATGTTTCCCTTGTG-1,5997,54,hg19
TCATGTTTCGGACTTA-1,833,19,hg19
TCATTACTCTGAACGT-1,65,6137,mm10
TCATTCAAGGTTCAGG-1,5399,24,hg19
TCATTCATCGGCTGGT-1,10848,44,hg19
TCATTGTAGCTTCATG-1,1087,20,hg19
TCATTGTCATGGAGAC-1,4281,30,hg19
TCATTTGGTGAGGAAA-1,165,4705,mm10
TCCACCAAGCTCGAAG-1,4209,58,hg19
TCCACCAAGGCGACAT-1,5734,47,hg19
TCCACCAAGTACCATC-1,3954,36,hg19
TCCACCACAATGAGCG-1,4824,27,hg19
TCCACCAGTCAGTCGC-1,9259,27,hg19
TCCACCAGTCCTACGG-1,104,13191,mm10
TCCACCATCAGACCCG-1,2470,35,hg19
TCCACCATCGTTGTGA-1,3970,34,hg19
TCCACCATCTTGGAAC-1,20,2260,mm10
TCCACGTAGTATGAAC-1,7464,74,hg19
TCCACGTCAAATCGTC-1,19599,59,hg19
TCCAGAAAGTGCTAGG-1,77,9155,mm10
TCCAGAAGTTTAGAGA-1,47,4526,mm10
TCCAGAATCCACAAGT-1,18,1287,mm10
TCCAGAATCGAATGCT-1,2863,27,hg19
TCCAGAATCGGTTCAA-1,784,15,hg19
TCCAGAATCTACACAG-1,55,4875,mm10
TCCATCGAGGTTGAGC-1,4166,21,hg19
TCCATCGAGTTTGGCT-1,5527,37,hg19
TCCATCGCAGTCGAGA-1,12483,35,hg19
TCCATCGGTAACAGTA-1,85,11648,mm10
TCCATCGTCACTGTCC-1,4062,17,hg19
TCCATCGTCCTTCTTC-1,2126,25,hg19
TCCATGCCAGCGATTT-1,6004,39,hg19
TCCATGCGTCAAACGG-1,6395,40,hg19
TCCCACAAGACGTCGA-1,509,22,hg19
TCCCACACATCGTCCT-1,1393,39,hg19
TCCCAGTAGTACGTCT-1,4066,30,hg19
TCCCAGTAGTGTTGAA-1,1866,13,hg19
TCCCAGTCACACACGC-1,118,9136,mm10
TCCCAGTTCACCGGTG-1,116,7907,mm10
TCCCAGTTCGTAATGC-1,3356,27,hg19
TCCCATGAGCATCAAA-1,29,547,mm10
TCCCATGGTGAGGAAA-1,3456,29,hg19
TCCGAAACACATTCGA-1,109,12262,mm10
TCCGATCAGAAGGTAG-1,639,14,hg19
TCCGATCAGCCACAAG-1,7466,37,hg19
TCCGATCAGCCTCTTC-1,3573,31,hg19
TCCGATCCAACCGTAT-1,133,13650,mm10
TCCGATCGTGCCTTTC-1,3633,13,hg19
TCCGGGAAGGAATGTT-1,7214,52,hg19
TCCGGGAAGGCCTTCG-1,9103,47,hg19
TCCGGGAAGGGCTGAT-1,5775,27,hg19
TCCGGGAAGGTACATA-1,4605,31,hg19
TCCGGGACACAGAGAC-1,13117,58,hg19
TCCGGGAGTTGCATGT-1,4966,27,hg19
TCCGGGATCACATCAG-1,5276,40,hg19
TCCGGGATCTCTGGTC-1,4667,20,hg19
TCCGTGTCACAAACGG-1,76,8269,mm10
TCCGTGTGTTTACACG-1,5734,40,hg19
TCCGTGTTCCATCTGC-1,4338,28,hg19
TCCTAATAGAGGCCAT-1,14605,90,hg19
TCCTAATAGTGTGTTC-1,65,10361,mm10
TCCTAATCACGGCTAC-1,4982,27,hg19
TCCTAATGTAGAAACT-1,78,4971,mm10
TCCTAATGTCGTCTCT-1,2714,38,hg19
TCCTAATTCGTGCTCT-1,4516,25,hg19
TCCTAATTCTTACGGA-1,2787,3641,Multiplet
TCCTCCCGTACGATCT-1,44,24472,mm10
TCCTCGAAGGGAGGTG-1,6257,16976,Multiplet
TCCTCTTAGCTGGTGA-1,5768,46,hg19
TCCTCTTAGGATGCGT-1,8665,56,hg19
TCCTCTTAGGTACATA-1,9841,52,hg19
TCCTGCAAGACCCGCT-1,9460,82,hg19
TCCTGCAAGGACATCG-1,6394,35,hg19
TCCTGCAAGTAGTGCG-1,154,1992,mm10
TCCTGCACATGGAGAC-1,3851,49,hg19
TCCTGCATCGTGTCAA-1,15232,38,hg19
TCCTGCATCTTCACGC-1,22919,123,hg19
TCCTTCTGTCTTCCGT-1,6674,48,hg19
TCCTTCTGTTCTTAGG-1,9230,45,hg19
TCCTTCTTCCTCTAGC-1,19668,597,hg19
TCCTTTCAGCACTTTG-1,51,3809,mm10
TCCTTTCCAGTCTCTC-1,3899,27,hg19
TCGAACAAGTGTTCAC-1,59,10543,mm10
TCGAACACAGATTTCG-1,8008,40,hg19
TCGAACAGTGCTCTTC-1,3747,17,hg19
TCGAACATCCGGGACT-1,173,9000,mm10
TCGAAGTAGACGCAGT-1,2472,25,hg19
TCGAAGTAGATAACGT-1,16254,77,hg19
TCGAAGTAGTTACGAA-1,14262,64,hg19
TCGAAGTCAAGCCTGC-1,5342,37,hg19
TCGAAGTGTGCTCTTC-1,198,12396,mm10
TCGACCTCAGAACGCA-1,100,12182,mm10
TCGACCTCAGATTCGT-1,3301,35,hg19
TCGACGGAGGATAATC-1,111,3196,mm10
TCGACGGCAACTTGCA-1,11591,55,hg19
TCGACGGCACAAACGG-1,4661,28,hg19
TCGACGGGTAACCCGC-1,10408,275,hg19
TCGACGGGTGGCGTAA-1,7400,36,hg19
TCGATTTGTACAGGTG-1,70,13821,mm10
TCGCACTAGTTTAGGA-1,138,14494,mm10
TCGCACTCAGGGTTGA-1,6846,45,hg19
TCGCACTGTTGGGATG-1,26,6315,mm10
TCGCAGGAGAGTCAAT-1,3087,23,hg19
TCGCAGGTCGAACCTA-1,5731,51,hg19
TCGCAGGTCGGTATGT-1,4450,25,hg19
TCGCTCACAATCGCAT-1,4412,26,hg19
TCGCTCACACCAGCTG-1,4468,32,hg19
TCGCTCACACCCTCTA-1,1231,34,hg19
TCGCTCAGTCATAACC-1,84,10683,mm10
TCGCTTGAGCCTTTGA-1,3510,16,hg19
TCGCTTGCATCTGTTT-1,6795,51,hg19
TCGGATAAGGATGTTA-1,2863,20,hg19
TCGGGACAGGTGCTTT-1,7219,130,hg19
TCGGGACCACTCTCGT-1,76,11292,mm10
TCGGGACGTTACGGAG-1,3739,15,hg19
TCGGGCAGTTGACGGA-1,5280,31,hg19
TCGGGCATCACTGGTA-1,47,3856,mm10
TCGGGCATCCAGTGTA-1,926,19,hg19
TCGGTCTAGCTGTTAC-1,142,4428,mm10
TCGGTCTAGGGAGGTG-1,3468,24,hg19
TCGGTCTGTCTATGAC-1,75,9022,mm10
TCGGTCTGTTGTGGAG-1,7562,28,hg19
TCGTAGACACCGGCTA-1,6692,32,hg19
TCGTAGACATGACAGG-1,31,2964,mm10
TCGTAGACATTGCCGG-1,7816,46,hg19
TCGTAGAGTACGGTTT-1,614,24,hg19
TCGTAGAGTCTTCGAA-1,3079,26,hg19
TCGTCCAAGTCCTACA-1,3007,19,hg19
TCGTCCACAGAATTCC-1,6123,103,hg19
TCGTCCATCGCCAGTG-1,21,1107,mm10
TCGTGCTCACTGTCGG-1,2818,21,hg19
TCGTGCTCAGCCGTCA-1,4189,38,hg19
TCGTGCTGTTGGAGAC-1,3947,38,hg19
TCGTGCTGTTGTGTTG-1,4949,31,hg19
TCGTGGGAGGCCCACT-1,71,11145,mm10
TCTAACTCACTATGTG-1,3888,43,hg19
TCTAACTGTCCGGTCA-1,10464,52,hg19
TCTAACTGTTAGGAGC-1,55,6439,mm10
TCTAACTGTTGATGTC-1,5270,24,hg19
TCTACATAGTAACCGG-1,4465,48,hg19
TCTACATAGTACTGTC-1,130,9408,mm10
TCTACATGTCAGGCAA-1,2028,38,hg19
TCTACATGTGCTCTTC-1,13,8092,mm10
TCTACATTCGTGAGAG-1,5028,24,hg19
TCTACCGGTGAAGCGT-1,98,9964,mm10
TCTACCGGTGCCTATA-1,4045,28,hg19
TCTACCGTCACGGTCG-1,6538,17443,Multiplet
TCTACCGTCAGTGCGC-1,92,7191,mm10
TCTACCGTCGATGCTA-1,4470,20,hg19
TCTATACGTCCCGTGA-1,11,728,mm10
TCTATACGTCCGGCAT-1,6735,40,hg19
TCTATACGTCTACATG-1,1153,35,hg19
TCTATACTCCGAAGGA-1,2918,26,hg19
TCTATCAAGTAAACAC-1,5468,37,hg19
TCTATCACAGCCCAGT-1,2635,32,hg19
TCTATCAGTACCACGC-1,8049,49,hg19
TCTATCAGTAGCTGTT-1,124,11036,mm10
TCTATCATCTGAGAGG-1,106,8594,mm10
TCTCACGCAGGTTACT-1,2527,33,hg19
TCTCACGCATCATTGG-1,15463,238,hg19
TCTCACGGTTGTGTTG-1,2707,32,hg19
TCTCAGCAGTCTGGAG-1,2350,24,hg19
TCTCAGCGTTGTTGTG-1,3935,38,hg19
TCTCAGCTCATAGAGA-1,716,19,hg19
TCTCAGCTCGCCTATC-1,55,588,mm10
TCTCAGCTCTCATAGG-1,2056,36,hg19
TCTCCGACAAGTTTGC-1,107,12514,mm10
TCTCCGACAGGTGACA-1,4235,21,hg19
TCTCCGAGTGGTTCTA-1,90,10451,mm10
TCTCCGAGTGTGCTTA-1,6766,46,hg19
TCTCCGAGTTACCGTA-1,9167,51,hg19
TCTCTGGGTGATCGTT-1,4072,16,hg19
TCTCTGGGTGTCATCA-1,4644,39,hg19
TCTCTGGTCCGTTGAA-1,112,10925,mm10
TCTGCCATCTAGACCA-1,7180,35,hg19
TCTGGCTAGAAGCCTG-1,125,10653,mm10
TCTGGCTCAACCACGC-1,5610,28,hg19
TCTGGCTGTGAGCAGT-1,8426,25,hg19
TCTGTCGAGGTAGATT-1,3494,39,hg19
TCTTAGTAGATTACCC-1,2404,18,hg19
TCTTAGTAGGCCACTC-1,2144,21,hg19
TCTTAGTCAAACCGGA-1,5407,32,hg19
TCTTAGTCAAGAGATT-1,8028,45,hg19
TCTTAGTCATGTGTCA-1,2196,30,hg19
TCTTAGTTCGTCCATC-1,5263,20,hg19
TCTTCCTAGGCCATAG-1,8886,70,hg19
TCTTCCTTCAAACGAA-1,5593,55,hg19
TCTTGCGAGGTCCTGC-1,5660,24,hg19
TCTTGCGCAATAGTGA-1,4219,26,hg19
TCTTGCGCACTCCGGA-1,177,9470,mm10
TCTTGCGCATGCGGTC-1,29,652,mm10
TCTTTGAAGTGAGGTC-1,3952,28,hg19
TCTTTGAGTCGACGCT-1,6768,35,hg19
TCTTTGAGTCTGCGCA-1,2202,38,hg19
TCTTTGATCGCCTAGG-1,3854,36,hg19
TGAACGTCACTGGATT-1,61,2871,mm10
TGAATCGCAACTGCTA-1,4567,21,hg19
TGAATCGCATCCGAAT-1,4991,26,hg19
TGAATGCCACAATGAA-1,12890,74,hg19
TGAATGCGTCAAGCGA-1,8793,36,hg19
TGAATGCTCCGAGTGC-1,1184,12,hg19
TGAATGCTCCTAAACG-1,4655,34,hg19
TGACAGTGTCAGTTTG-1,2229,20,hg19
TGACAGTGTTGAATCC-1,77,13103,mm10
TGACAGTTCCTGATAG-1,4831,24,hg19
TGACCCTAGACTCGAG-1,5530,12,hg19
TGACCCTCATAGGCGA-1,125,11916,mm10
TGACGCGAGCCGCACT-1,9503,178,hg19
TGACGCGGTAGTCGGA-1,73,8951,mm10
TGACGCGTCACCTGGG-1,3768,12,hg19
TGACGCGTCGCATGAT-1,6143,29,hg19
TGACTCCGTCCAGCCA-1,72,9321,mm10
TGACTCCGTTCGGCCA-1,3324,34,hg19
TGACTCCTCTGGGCAC-1,169,14095,mm10
TGAGACTCACCCAATA-1,969,714,hg19
TGAGACTGTTGGGATG-1,3375,18,hg19
TGAGCATCAAAGCTAA-1,12429,56,hg19
TGAGCATCAAATGGCG-1,120,14689,mm10
TGAGCATGTTAAGAAC-1,3658,21,hg19
TGAGCATTCCTCAGAA-1,89,2617,mm10
TGAGCATTCTCTGCCA-1,119,11820,mm10
TGAGCGCCACTTGACA-1,4388,23,hg19
TGAGCGCTCGCGATCG-1,3357,12,hg19
TGAGCGCTCGTAACAC-1,5392,30,hg19
TGAGGAGAGGTAGTAT-1,82,6785,mm10
TGAGGAGGTACAAACA-1,6604,42,hg19
TGAGGAGGTCTGTAAC-1,83,10829,mm10
TGAGGAGGTGTACGCC-1,5367,39,hg19
TGAGGAGTCTTGTGCC-1,4507,24,hg19
TGAGGGAAGCGAATGC-1,5279,24,hg19
TGAGGGACACATGACT-1,120,10531,mm10
TGAGGGAGTTTACGTG-1,21,14588,mm10
TGAGGGATCTAGGCCG-1,7082,40,hg19
TGAGGTTCATGGCTAT-1,5156,60,hg19
TGAGGTTGTCTACACA-1,57,9327,mm10
TGAGGTTTCGATGCTA-1,3245,35,hg19
TGAGTCAAGACAGCGT-1,677,22,hg19
TGAGTCAAGCTCCATA-1,62,5897,mm10
TGAGTCAAGTCCGCGT-1,4119,26,hg19
TGAGTCAAGTTCCTGA-1,4668,36,hg19
TGAGTCAGTGCTCTTC-1,9077,41,hg19
TGATCAGCACAAGCTT-1,742,26,hg19
TGATCAGGTTCCGCTT-1,10896,43,hg19
TGATCAGTCAACTACG-1,139,12146,mm10
TGATCAGTCCACACCT-1,2227,27,hg19
TGATCAGTCTGTCGCT-1,4344,25,hg19
TGATCTTCAATTCTTC-1,755,12,hg19
TGATCTTGTCTTGCGG-1,45,6637,mm10
TGATCTTTCCTTATCA-1,95,12006,mm10
TGATGCAAGGATCATA-1,7228,42,hg19
TGATGCAGTCGCCACA-1,20,5233,mm10
TGATGCAGTTCTCTCG-1,3015,20,hg19
TGATGGTAGCAAGTGC-1,3764,26,hg19
TGATGGTCACCGTCGA-1,6020,48,hg19
TGATGGTGTTATAGCC-1,26,2624,mm10
TGATGGTTCTCTGACC-1,142,8217,mm10
TGATTCTAGCTAAACA-1,5429,43,hg19
TGCACGGAGGGCAAGG-1,4463,31,hg19
TGCACGGTCAGCATTG-1,2259,213,hg19
TGCAGATAGCCTATTG-1,3801,32,hg19
TGCAGATCAGACCCGT-1,2528,34,hg19
TGCAGATGTTCTGACA-1,19,12748,mm10
TGCAGATTCGGATTAC-1,10168,47,hg19
TGCAGGCGTACACGCC-1,5674,35,hg19
TGCAGGCGTCCTATAG-1,4955,25,hg19
TGCAGGCTCTCCTGCA-1,19598,90,hg19
TGCAGTACAAGAGGCT-1,3915,31,hg19
TGCAGTATCCCATACC-1,7951,38,hg19
TGCAGTATCTGCATAG-1,14632,65,hg19
TGCATCCAGCTAGATA-1,167,18505,mm10
TGCATCCAGGAACGAA-1,777,17,hg19
TGCATCCAGTAGCAAT-1,74,7133,mm10
TGCATCCGTAGGTAGC-1,4629,30,hg19
TGCATCCGTGGCGCTT-1,1551,33,hg19
TGCATGAAGTACCGGA-1,4917,41,hg19
TGCATGACAGTCACGC-1,6779,44,hg19
TGCATGAGTGCTCTTC-1,3395,22,hg19
TGCCGAGAGCACCGAA-1,7315,42,hg19
TGCCGAGCAAATCGTC-1,4562,21,hg19
TGCCGAGTCAAGTCTG-1,37,4104,mm10
TGCCGAGTCGTCCTCA-1,20,13210,mm10
TGCGACGAGCCTGGAA-1,8751,27,hg19
TGCGACGAGGACTATA-1,4992,28,hg19
TGCGACGCAAGAGTGC-1,762,39,hg19
TGCGACGCACCTATCC-1,19,3202,mm10
TGCGACGGTCCACGCA-1,8317,58,hg19
TGCGACGTCCAAATGC-1,4748,20,hg19
TGCGATAAGTGATAAC-1,3102,28,hg19
TGCGATACACCATTCC-1,2669,29,hg19
TGCGGCAAGCTGAAGC-1,2276,19,hg19
TGCGGCACAGTCGAGA-1,4182,32,hg19
TGCGGCAGTTATCCAG-1,4581,51,hg19
TGCGGGTAGGCCTTCG-1,2719,16,hg19
TGCTCCAGTTCCCACT-1,5563,49,hg19
TGCTCGTAGCTAGAAT-1,50,4684,mm10
TGCTCGTAGGGTTAAT-1,3820,21,hg19
TGCTCGTAGGTTGAGC-1,4064,32,hg19
TGCTCGTTCACTACGA-1,7148,32,hg19
TGCTCGTTCTACCACC-1,3724,34,hg19
TGCTGAACAAGTATAG-1,4823,57,hg19
TGCTGAAGTTGTACGT-1,89,8441,mm10
TGCTTCGCAAAGCACG-1,12781,36,hg19
TGCTTCGCACAGTACT-1,45,16701,mm10
TGCTTCGTCGAGATAA-1,657,31,hg19
TGCTTGCAGGAAGAAC-1,727,23,hg19
TGCTTGCAGGGTACGT-1,3354,26,hg19
TGCTTGCAGGGTATAT-1,6044,53,hg19
TGCTTGCCACTGTGAT-1,11,882,mm10
TGGAACTAGATGGGCT-1,3935,45,hg19
TGGAACTAGTCGAAGC-1,73,8941,mm10
TGGAACTAGTTCTCTT-1,10186,39,hg19
TGGAACTTCTGCAGCG-1,4406,32,hg19
TGGAGGAGTTGTTTGG-1,5163,31,hg19
TGGAGGATCACCGGGT-1,3446,32,hg19
TGGAGGATCTTCGCTG-1,3722,20,hg19
TGGATCAAGAAGAGCA-1,46,8697,mm10
TGGATCAAGTTGGAAT-1,4079,31,hg19
TGGATCACATGGATCT-1,3199,40,hg19
TGGATGTAGCATACTC-1,3432,29,hg19
TGGATGTGTAGTGCGA-1,4932,15,hg19
TGGATGTGTGCTGATT-1,5183,45,hg19
TGGATGTGTTATGTGC-1,112,11316,mm10
TGGCGTGAGCCACAAG-1,3839,23,hg19
TGGCGTGAGTGGTTAA-1,44,6254,mm10
TGGGAAGCAGAGTTCT-1,2584,33,hg19
TGGGAAGGTCTCGCGA-1,5171,37,hg19
TGGGAAGTCAAGAAAC-1,3723,27,hg19
TGGGAGAAGATGTTCC-1,6161,30,hg19
TGGGAGACAACGGCCT-1,4513,28,hg19
TGGGAGACAGAAATCA-1,6709,47,hg19
TGGGAGAGTTGTGTAC-1,3387,21,hg19
TGGGAGATCACTCTTA-1,3176,42,hg19
TGGGAGATCATTTGGG-1,2645,21,hg19
TGGGAGATCTAGTACG-1,3014,20,hg19
TGGGATTCATAGATGA-1,95,9519,mm10
TGGGATTGTCGTGATT-1,505,182,hg19
TGGGATTGTGCTCGTG-1,16757,58,hg19
TGGGATTGTTCCTAAG-1,74,642,mm10
TGGGCGTAGACTTCAC-1,3808,43,hg19
TGGGCGTGTGGTTCTA-1,777,43,hg19
TGGGCTGAGGCAGGGA-1,3250,26,hg19
TGGGCTGAGTTCTCTT-1,104,2443,mm10
TGGGCTGCAGAGTTCT-1,9099,81,hg19
TGGGCTGTCGCATTGA-1,3615,13,hg19
TGGGTTATCTCACGAA-1,4121,29,hg19
TGGTACAAGATCACTC-1,19,536,mm10
TGGTACAGTCAGGTGA-1,76,9748,mm10
TGGTACAGTGGACTAG-1,4472,24,hg19
TGGTACAGTGGCTACC-1,6053,27,hg19
TGGTAGTAGATCGACG-1,3451,30,hg19
TGGTAGTAGATTAGAC-1,4067,35,hg19
TGGTAGTAGGCATGCA-1,2993,16,hg19
TGGTAGTCAAGCGATG-1,4514,21,hg19
TGGTAGTCAGAAGCGT-1,6182,45,hg19
TGGTAGTGTTGTGCAT-1,20,8858,mm10
TGGTTAGAGACGCTCC-1,140,15814,mm10
TGGTTAGAGGACTAAT-1,217,2573,mm10
TGGTTAGGTTCGTTCC-1,8780,42,hg19
TGGTTAGTCCCTAGGG-1,4666,19,hg19
TGGTTAGTCCGACAGC-1,21,4766,mm10
TGTAACGCACCCAACG-1,102,14714,mm10
TGTAACGCAGCGTAGA-1,6666,176,hg19
TGTAACGTCCGACAGC-1,8095,39,hg19
TGTAACGTCGGCTTCT-1,3459,18,hg19
TGTAAGCGTCTAATCG-1,2584,9933,Multiplet
TGTAAGCGTGACACGA-1,4499,26,hg19
TGTAAGCGTTAGGCTT-1,2718,16,hg19
TGTAAGCGTTTCGGCG-1,122,5999,mm10
TGTAAGCTCCGGCTTT-1,24,550,mm10
TGTACAGAGTGATAGT-1,4951,34,hg19
TGTACAGCAATGCTCA-1,5336,34,hg19
TGTACAGCAGAGGTAC-1,28239,86,hg19
TGTACAGGTCTGCCTT-1,1705,15,hg19
TGTACAGGTCTTCTAT-1,3972,30,hg19
TGTACAGGTGTCCGGT-1,5820,36,hg19
TGTAGACAGTAGGTTA-1,9131,29,hg19
TGTCAGACACGACTAT-1,4075,32,hg19
TGTCAGAGTTGTACGT-1,7131,29,hg19
TGTCAGATCTCACGAA-1,1683,21,hg19
TGTCCACAGAACAGGA-1,75,6333,mm10
TGTCCACAGACATAGT-1,42,17610,mm10
TGTCCACAGTAGGATT-1,30,3935,mm10
TGTCCACAGTCAACAA-1,12138,69,hg19
TGTCCACGTTCGTAAC-1,93,11981,mm10
TGTCCCACAACGGCTC-1,117,12328,mm10
TGTCCCAGTATTGGCT-1,6696,40,hg19
TGTCCCATCCATTTCA-1,2171,21,hg19
TGTCCTGAGAAGCGAA-1,5298,38,hg19
TGTCCTGCAACCGTGC-1,51,15072,mm10
TGTCCTGGTCCAGTTA-1,8619,28,hg19
TGTCCTGTCGCCTTTG-1,8021,9711,Multiplet
TGTGAGTAGCATCTTG-1,2855,29,hg19
TGTGAGTCATGATAGA-1,20,5053,mm10
TGTGAGTTCCAGGACC-1,35,24131,mm10
TGTGAGTTCCGGCAGT-1,5869,36,hg19
TGTGATGCAACTACGT-1,7374,36,hg19
TGTGATGCAAGTGCTT-1,3971,24,hg19
TGTGATGGTGACCGAA-1,6348,26,hg19
TGTGATGGTTATGGTC-1,37,5151,mm10
TGTGATGTCGTCCTTG-1,11143,62,hg19
TGTGCGGAGCTGGTGA-1,4455,9532,Multiplet
TGTGCGGCACTGAGTT-1,8873,42,hg19
TGTGCGGCATGTAACC-1,6682,28,hg19
TGTGCGGGTTTCCAAG-1,8606,40,hg19
TGTGCGGTCATTTGCT-1,8148,41,hg19
TGTGGCGCAAGGGTCA-1,2801,35,hg19
TGTTACTAGACGGTCA-1,8249,45,hg19
TGTTACTAGTTTGCTG-1,22,3086,mm10
TGTTACTCACTGGCGT-1,1267,14,hg19
TGTTCATAGTAACAGT-1,37,5950,mm10
TGTTCATAGTATAGAC-1,5988,36,hg19
TGTTCATTCGTCAGAT-1,5239,31,hg19
TGTTCCGAGGGAACAA-1,7444,36,hg19
TGTTCTAAGACTTAAG-1,2556,12,hg19
TGTTCTAGTTCCGCTT-1,8377,57,hg19
TGTTGAGAGCCTATTG-1,4203,29,hg19
TGTTGAGCAGAAGTTA-1,4393,26,hg19
TGTTGAGCATCTTCGC-1,59,9191,mm10
TGTTGAGGTTCCCAAA-1,4075,19,hg19
TGTTGAGTCCGCAGTG-1,575,11,hg19
TGTTGGAAGCACCGAA-1,3850,46,hg19
TGTTGGAAGTATGCAA-1,10922,70,hg19
TGTTGGAAGTTCCTGA-1,114,10779,mm10
TGTTTGTAGTAAGGGA-1,3848,50,hg19
TGTTTGTCAGCGATTT-1,52,3034,mm10
TGTTTGTGTCACGTGC-1,5539,26,hg19
TTAATCCAGGCGAACT-1,5326,28,hg19
TTACCATAGGGCAGAG-1,6702,33,hg19
TTACCATCACAAGCCC-1,9124,62,hg19
TTACCATCAGCGTTTA-1,5143,40,hg19
TTACCATGTCCTTAAG-1,874,12,hg19
TTACCATGTCTGTTAG-1,10325,38,hg19
TTACCATTCAGGACGA-1,3449,28,hg19
TTACCATTCTCGGCTT-1,4293,23,hg19
TTACCGCAGTGGTGGT-1,2696,20,hg19
TTACCGCCACGTATAC-1,5266,37,hg19
TTACCGCTCAGTGATC-1,181,552,mm10
TTACCGCTCGCCTTGT-1,5651,25,hg19
TTACGCCAGGCGTTGA-1,3988,25,hg19
TTACGCCCACCTATCC-1,7128,64,hg19
TTACGCCCAGGGAGAG-1,64,4893,mm10
TTACGCCGTGAGCTCC-1,6083,45,hg19
TTACGTTAGCGTCAGA-1,5456,26,hg19
TTACGTTAGTCACACT-1,75,7468,mm10
TTACGTTGTCGATGCC-1,11047,37,hg19
TTACTGTAGACAGCTG-1,620,4142,mm10
TTACTGTGTCCCTAAA-1,4377,53,hg19
TTAGGCACACTGTGAT-1,41,1530,mm10
TTAGGCATCACAGTGT-1,4361,34,hg19
TTAGGGTAGTGCCCGT-1,6368,18,hg19
TTAGTCTGTTAGGCTT-1,2636,28,hg19
TTAGTCTTCGCTATTT-1,15000,67,hg19
TTAGTCTTCGGAAGGT-1,4185,24,hg19
TTATTGCAGCCAACCC-1,3855,44,hg19
TTATTGCCAGCTTTCC-1,2474,5887,Multiplet
TTATTGCGTCCATAGT-1,2377,11,hg19
TTATTGCTCTCACCCA-1,4802,56,hg19
TTCAATCAGAGGCTGT-1,7867,62,hg19
TTCAATCAGGCAGCTA-1,3278,24,hg19
TTCAATCAGTATGACA-1,3293,24,hg19
TTCAATCTCGCCGAGT-1,229,3843,mm10
TTCACCGAGATCACCT-1,79,4112,mm10
TTCACCGAGGCACAAC-1,140,15073,mm10
TTCACGCAGCGTACAG-1,2866,29,hg19
TTCACGCCAGCCGTCA-1,3755,45,hg19
TTCAGGAAGCACTGGA-1,59,7753,mm10
TTCAGGAGTCTGCATA-1,4656,22,hg19
TTCAGGATCAGAATAG-1,2595,40,hg19
TTCATGTAGGAGACCT-1,7454,35,hg19
TTCATGTAGGTAAACT-1,15832,68,hg19
TTCATGTCAAGTTGGG-1,7959,40,hg19
TTCCAATAGTAGCATA-1,143,16246,mm10
TTCCAATCATAGAATG-1,104,8969,mm10
TTCCACGAGTCGCCAC-1,4884,12751,Multiplet
TTCCACGGTAAGATAC-1,5806,39,hg19
TTCCACGGTACTTGTG-1,6017,32,hg19
TTCCACGTCATGGCCG-1,5372,30,hg19
TTCCACGTCCCTATTA-1,15865,45,hg19
TTCCACGTCTAGAGCT-1,16,929,mm10
TTCCGGTAGCGCGTTC-1,7553,20,hg19
TTCCGGTCAGTATTCG-1,1593,30,hg19
TTCCGGTGTAGTAAGT-1,35,5199,mm10
TTCCGGTTCCTTCTGG-1,11318,55,hg19
TTCCGTGCAAATGGCG-1,5270,24,hg19
TTCCGTGCATGACAAA-1,3611,39,hg19
TTCCGTGTCAGTGTTG-1,4740,23,hg19
TTCCGTGTCCAGCACG-1,3315,29,hg19
TTCCGTGTCGGTTAGT-1,1925,41,hg19
TTCCTAAGTATGTCAC-1,89,14091,mm10
TTCCTAATCCGTAATG-1,33,1285,mm10
TTCCTCTAGATCCTAC-1,4682,26,hg19
TTCCTCTCAGCAGTCC-1,110,9871,mm10
TTCCTTCAGCCAGTAG-1,6087,51,hg19
TTCCTTCGTATAGGGC-1,732,23,hg19
TTCCTTCGTTCGGACC-1,6050,33,hg19
TTCCTTCTCGATGCTA-1,161,6831,mm10
TTCGATTAGGCACTCC-1,5496,112,hg19
TTCGATTGTCACTAGT-1,3664,32,hg19
TTCGCTGAGGTCCGAA-1,98,11072,mm10
TTCGCTGAGTATTCCG-1,3323,12,hg19
TTCGCTGCAAGCTACT-1,4660,29,hg19
TTCGGTCAGGTAGCAC-1,62,6729,mm10
TTCGGTCAGTTTCTTC-1,8284,44,hg19
TTCGGTCCAAAGGGTC-1,4676,40,hg19
TTCGGTCCAATATCCG-1,12265,89,hg19
TTCGGTCCAGGGTTGA-1,47,1537,mm10
TTCTAACCAACGGGTA-1,664,11,hg19
TTCTAACGTCAGTCTA-1,19877,5208,Multiplet
TTCTAACTCCCAGGAC-1,57,715,mm10
TTCTAGTAGCCTTTGA-1,11064,65,hg19
TTCTAGTCAACGGTAG-1,3816,28,hg19
TTCTAGTGTCGAGCAA-1,4464,27,hg19
TTCTAGTGTGTCCTAA-1,3674,22,hg19
TTCTCTCAGTTGCGCC-1,1012,41,hg19
TTCTCTCGTAAGCGGT-1,2878,22,hg19
TTCTGTAAGATCCTAC-1,2492,26,hg19
TTCTGTAAGGTTTGAA-1,3708,25,hg19
TTCTTCCAGCTTGTTG-1,4106,37,hg19
TTCTTCCAGTTGCGCC-1,319,23719,mm10
TTCTTCCCAAATCGGG-1,13486,52,hg19
TTCTTCCCAAGCGAAC-1,27,834,mm10
TTCTTCCCAGAGCCCT-1,4009,36,hg19
TTCTTCCTCGCGCTGA-1,8464,44,hg19
TTCTTGACACTAAACC-1,90,558,mm10
TTCTTGACACTCAGAT-1,4364,29,hg19
TTCTTGAGTCCGGATC-1,9284,70,hg19
TTCTTGATCGTTCCCA-1,1214,2537,mm10
TTGAACGAGCCATCCG-1,1750,36,hg19
TTGAACGTCGCCATAA-1,6220,29,hg19
TTGAACGTCTCAACCC-1,5889,36,hg19
TTGACCCTCGTAGTCA-1,16482,73,hg19
TTGAGTGCAATAGTGA-1,3518,31,hg19
TTGAGTGTCATTGTGG-1,8690,53,hg19
TTGATGGAGACGCTCC-1,45,5630,mm10
TTGATGGGTGTATTCG-1,87,10166,mm10
TTGATGGTCGATTCCC-1,3712,28,hg19
TTGATGGTCTCCGATC-1,88,14475,mm10
TTGCATTAGCGTGAAC-1,7184,17129,Multiplet
TTGCATTAGGTCCCTG-1,65,4770,mm10
TTGCATTGTAGACGTG-1,3325,25,hg19
TTGCATTTCCGTGTGG-1,35563,86,hg19
TTGCATTTCTTCGTAT-1,3321,27,hg19
TTGCCTGAGCAGATAT-1,27,2519,mm10
TTGCCTGGTAACCCGC-1,7238,41,hg19
TTGCGTCAGATTGTGA-1,3485,12,hg19
TTGCGTCGTGGCTCTG-1,14,9889,mm10
TTGCTGCGTCTGTGCG-1,4694,18,hg19
TTGCTGCGTGTAAATG-1,3563,30,hg19
TTGCTGCTCGGCTTGG-1,3714,24,hg19
TTGCTGCTCTGCTAGA-1,117,16353,mm10
TTGGATGCACCCTTAC-1,9672,59,hg19
TTGGGATAGATACCAA-1,8559,74,hg19
TTGGGATAGCCGTTGC-1,7293,29,hg19
TTGGGATAGTAATCCC-1,3547,21,hg19
TTGGGATCAACTTGGT-1,6067,35,hg19
TTGGGATTCAGCTAGT-1,3688,23,hg19
TTGGGCGGTTCATCTT-1,62,4508,mm10
TTGGGCGTCGAGATGG-1,196,14419,mm10
TTGGGTAAGTCCTGCG-1,5469,25,hg19
TTGGGTACAAGTCGTT-1,86,6625,mm10
TTGGGTAGTCTTACTT-1,5235,20,hg19
TTGGGTAGTGTGCTTA-1,27,7529,mm10
TTGGGTATCCGCAACG-1,5129,27,hg19
TTGGTTTCAACGCCCA-1,1127,30,hg19
TTGGTTTCAGACTGCC-1,62,8902,mm10
TTGGTTTGTGGATGAC-1,32,843,mm10
TTGTGGAAGAGAAGGT-1,8783,31,hg19
TTGTGGAAGTTAACAG-1,427,788,mm10
TTGTGGACACTGTGAT-1,2628,26,hg19
TTGTGGAGTCGAATTC-1,23,1272,mm10
TTGTGTTCATGACCCG-1,4509,29,hg19
TTGTGTTGTACGAGCA-1,178,2389,mm10
TTGTGTTGTTTACCTT-1,109,2117,mm10
TTGTGTTTCCGCAACG-1,4240,18,hg19
TTGTGTTTCGGACCAC-1,9494,45,hg19
TTGTTCATCCACAAGT-1,5940,46,hg19
TTGTTCATCCTGTAAG-1,179,11758,mm10
TTGTTGTAGTAGGATT-1,4165,24,hg19
TTGTTGTAGTGTTGTC-1,5885,26,hg19
TTGTTGTCACTAGTAC-1,5069,39,hg19
TTGTTGTCAGTCACGC-1,616,20,hg19
TTGTTGTCAGTTGTTG-1,1777,21,hg19
TTGTTGTCATGACTAC-1,5095,26,hg19
TTGTTGTGTTAATCGC-1,7555,43,hg19
TTGTTGTTCCGCTTAC-1,5009,33,hg19
TTGTTGTTCGTGGGAA-1,29,4218,mm10
TTGTTTGAGCTGAAAT-1,1609,42,hg19
TTGTTTGGTACTCGTA-1,54,3433,mm10
TTGTTTGTCTAACGCA-1,58,1824,mm10
TTTACCACAAGAGATT-1,39,2551,mm10
TTTACCAGTCACATTG-1,105,5052,mm10
TTTACGTAGCCTAACT-1,2891,15,hg19
TTTACGTAGTTCGGTT-1,1795,23,hg19
TTTACGTGTAGTGCGA-1,2583,9,hg19
TTTACTGAGTACAGCG-1,5019,30,hg19
TTTACTGCACAGCGCT-1,5888,47,hg19
TTTACTGGTCGCCACA-1,3584,25,hg19
TTTACTGTCCCACAGG-1,2593,27,hg19
TTTAGTCTCATTGCGA-1,83,2258,mm10
TTTAGTCTCTAGAACC-1,12,503,mm10
TTTAGTCTCTGTGCAA-1,166,4880,mm10
TTTATGCAGTTGTCAC-1,1320,14,hg19
TTTATGCCAAGCGATG-1,2409,30,hg19
TTTATGCTCACTCGAA-1,10372,69,hg19
TTTCACAAGGATTTCC-1,5880,856,hg19
TTTCACACAAGAGCTG-1,6827,48,hg19
TTTCACACATATAGCC-1,5406,29,hg19
TTTCACATCCGGGACT-1,7509,24,hg19
TTTCACATCTACCTTA-1,9981,62,hg19
TTTCAGTGTCATCGGC-1,5627,33,hg19
TTTCATGAGAACCGCA-1,69,7538,mm10
TTTCATGCACAGTCAT-1,24576,109,hg19
TTTCATGCATCACAGT-1,6623,101,hg19
TTTCATGGTTCGGTCG-1,3888,44,hg19
TTTCATGTCAGACATC-1,5359,30,hg19
TTTCATGTCCATCGTC-1,8047,44,hg19
TTTCCTCAGACATAGT-1,6598,56,hg19
TTTCCTCAGCCTCTCT-1,1824,18,hg19
TTTCCTCGTCCGGTCA-1,6655,22,hg19
TTTCGATGTGACCTGC-1,87,4389,mm10
TTTGACTCAGAGTGTG-1,1999,32,hg19
TTTGACTTCGTGGGAA-1,134,1432,mm10
TTTGACTTCTGAGATC-1,58,537,mm10
TTTGATCAGGGATCTG-1,9836,47,hg19
TTTGATCAGGGTAATT-1,2723,23,hg19
TTTGATCCAGACGCTC-1,5576,39,hg19
TTTGATCTCATTGCCC-1,4407,25,hg19
TTTGGAGAGGTTGGTG-1,9176,61,hg19
TTTGGAGTCATCGACA-1,1147,24,hg19
TTTGGAGTCATCGTAG-1,6582,35,hg19
TTTGGAGTCGAGTTGT-1,5287,56,hg19
TTTGGTTGTTACCTTT-1,119,1406,mm10
TTTGGTTTCAACGAGG-1,5816,44,hg19
TTTGGTTTCGCATAGT-1,9067,27,hg19
TTTGTTGAGCATTTGC-1,2343,30,hg19
TTTGTTGTCATCACCC-1,8541,25,hg19
